customerID,churn_probability,tenure,Contract,MonthlyCharges,actual_churn,value_at_risk
7216-EWTRS,0.94063103,1,Month-to-month,100.8,1,1209.6
5178-LMXOP,0.9336292,1,Month-to-month,95.1,1,1141.1999999999998
5419-JPRRN,0.9228415,1,Month-to-month,101.45,1,1217.4
3068-OMWZA,0.92121136,1,Month-to-month,88.8,1,1065.6
1069-XAIEM,0.9186392,1,Month-to-month,85.05,1,1020.5999999999999
8149-RSOUN,0.91020226,1,Month-to-month,93.85,1,1126.1999999999998
9300-AGZNL,0.90874,1,Month-to-month,94.0,1,1128.0
0107-YHINA,0.908145,1,Month-to-month,99.75,1,1197.0
9497-QCMMS,0.9071254,1,Month-to-month,93.55,1,1122.6
4910-GMJOT,0.9061965,1,Month-to-month,94.6,1,1135.1999999999998
5192-EBGOV,0.90441865,1,Month-to-month,85.7,1,1028.4
1415-YFWLT,0.9041244,1,Month-to-month,89.3,1,1071.6
4826-XTSOH,0.8988308,1,Month-to-month,86.05,1,1032.6
9248-OJYKK,0.89737964,1,Month-to-month,76.45,1,917.4000000000001
5240-IJOQT,0.8965716,1,Month-to-month,74.7,1,896.4000000000001
0295-PPHDO,0.89605576,1,Month-to-month,95.45,1,1145.4
9282-IZGQK,0.8941059,1,Month-to-month,85.0,1,1020.0
6861-XWTWQ,0.8923114,7,Month-to-month,99.25,1,1191.0
6567-HOOPW,0.89104843,1,Month-to-month,79.2,1,950.4000000000001
8603-IJWDN,0.8896872,1,Month-to-month,86.6,1,1039.1999999999998
1833-VGRUM,0.88932145,1,Month-to-month,74.2,1,890.4000000000001
4273-MBHYA,0.88889474,1,Month-to-month,89.35,0,1072.1999999999998
4424-TKOPW,0.8886188,2,Month-to-month,93.85,1,1126.1999999999998
4912-PIGUY,0.8886079,1,Month-to-month,84.6,0,1015.1999999999999
8473-VUVJN,0.88820976,1,Month-to-month,73.65,1,883.8000000000001
3178-FESZO,0.88752747,1,Month-to-month,100.25,1,1203.0
8058-INTPH,0.88652265,1,Month-to-month,79.65,1,955.8000000000001
0021-IKXGC,0.88498974,1,Month-to-month,72.1,0,865.1999999999999
6894-LFHLY,0.88486505,1,Month-to-month,75.75,1,909.0
0495-RVCBF,0.884809,1,Month-to-month,79.7,1,956.4000000000001
3158-MOERK,0.8846364,2,Month-to-month,96.0,1,1152.0
4102-OQUPX,0.88341236,1,Month-to-month,74.4,1,892.8000000000001
3988-RQIXO,0.8805516,1,Month-to-month,91.3,1,1095.6
7274-RTAPZ,0.87840307,1,Month-to-month,90.55,1,1086.6
1761-AEZZR,0.8776685,1,Month-to-month,79.55,1,954.5999999999999
7577-SWIFR,0.8773529,1,Month-to-month,89.25,0,1071.0
0970-ETWGE,0.8773529,1,Month-to-month,89.55,1,1074.6
3551-HUAZH,0.8770934,1,Month-to-month,74.4,1,892.8000000000001
4988-IQIGL,0.8765458,1,Month-to-month,75.35,1,904.1999999999999
2609-IAICY,0.8760738,1,Month-to-month,77.15,1,925.8000000000001
6513-EECDB,0.8760467,1,Month-to-month,73.55,1,882.5999999999999
1400-MMYXY,0.8758153,3,Month-to-month,105.9,1,1270.8000000000002
5834-ASPWA,0.87572604,1,Month-to-month,75.45,1,905.4000000000001
8775-LHDJH,0.87547666,1,Month-to-month,90.6,1,1087.1999999999998
0723-DRCLG,0.8754441,1,Month-to-month,74.45,1,893.4000000000001
9300-RENDD,0.8749734,1,Month-to-month,79.95,1,959.4000000000001
5960-WPXQM,0.87431145,1,Month-to-month,79.05,1,948.5999999999999
9787-XVQIU,0.8733731,1,Month-to-month,75.3,1,903.5999999999999
2012-NWRPA,0.87326884,11,Month-to-month,99.55,1,1194.6
1157-BQCUW,0.87259007,1,Month-to-month,74.95,1,899.4000000000001
6230-BSUXY,0.8717759,1,Month-to-month,85.0,1,1020.0
9725-SCPZG,0.8716721,1,Month-to-month,90.85,1,1090.1999999999998
5494-HECPR,0.8715324,1,Month-to-month,80.25,1,963.0
2725-KXXWT,0.87144846,1,Month-to-month,90.75,1,1089.0
2202-CUYXZ,0.87039423,1,Month-to-month,84.85,1,1018.1999999999999
2004-OCQXK,0.86976635,1,Month-to-month,81.95,1,983.4000000000001
6457-USBER,0.86956304,1,Month-to-month,80.8,1,969.5999999999999
5150-ITWWB,0.86930156,3,Month-to-month,94.85,0,1138.1999999999998
7851-WZEKY,0.86716604,2,Month-to-month,95.15,1,1141.8000000000002
2545-EBUPK,0.86637926,2,Month-to-month,84.05,0,1008.5999999999999
9057-SIHCH,0.8662158,3,Month-to-month,96.6,1,1159.1999999999998
9681-OXGVC,0.8648038,5,Month-to-month,100.5,1,1206.0
5597-GLBUC,0.8641214,1,Month-to-month,85.45,1,1025.4
8580-AECUZ,0.8640692,1,Month-to-month,79.1,1,949.1999999999999
2446-BEGGB,0.86384714,6,Month-to-month,98.25,1,1179.0
9603-OAIHC,0.863468,1,Month-to-month,70.05,0,840.5999999999999
7594-RQHXR,0.86344737,1,Month-to-month,79.6,1,955.1999999999999
8375-DKEBR,0.8634369,1,Month-to-month,69.6,1,835.1999999999999
3027-ZTDHO,0.8634048,1,Month-to-month,89.9,1,1078.8000000000002
6521-YYTYI,0.86328155,1,Month-to-month,93.3,1,1119.6
5299-SJCZT,0.86306065,3,Month-to-month,101.55,1,1218.6
2018-QKYGT,0.8626381,1,Month-to-month,81.05,0,972.5999999999999
8816-VXNZD,0.86229485,1,Month-to-month,75.1,1,901.1999999999999
5567-WSELE,0.86207575,3,Month-to-month,94.6,1,1135.1999999999998
1455-UGQVH,0.86205816,10,Month-to-month,98.5,1,1182.0
5277-ZLOOR,0.86167485,2,Month-to-month,85.55,1,1026.6
9507-EXLTT,0.86082304,1,Month-to-month,79.35,1,952.1999999999999
7439-DKZTW,0.8593041,1,Month-to-month,80.55,0,966.5999999999999
3878-AVSOQ,0.8582123,1,Month-to-month,71.25,0,855.0
2868-MZAGQ,0.857914,1,Month-to-month,79.25,1,951.0
1452-VOQCH,0.8578346,1,Month-to-month,75.1,0,901.1999999999999
6358-LYNGM,0.8578346,1,Month-to-month,74.9,1,898.8000000000001
7206-GZCDC,0.8578058,1,Month-to-month,69.25,1,831.0
9488-HGMJH,0.85780454,1,Month-to-month,71.15,1,853.8000000000001
6023-YEBUP,0.8577262,3,Month-to-month,100.95,1,1211.4
2656-TABEH,0.85682046,4,Month-to-month,100.2,1,1202.4
3746-EUBYR,0.85670424,1,Month-to-month,74.6,1,895.1999999999999
0655-RBDUG,0.8564262,7,Month-to-month,98.05,1,1176.6
2514-GINMM,0.85589296,1,Month-to-month,79.5,1,954.0
8740-CRYFY,0.85589296,1,Month-to-month,78.95,1,947.4000000000001
8644-XLFBW,0.8552812,1,Month-to-month,71.65,1,859.8000000000001
7503-ZGUZJ,0.8552477,1,Month-to-month,84.65,1,1015.8000000000001
8051-HJRLT,0.85495985,1,Month-to-month,70.55,1,846.5999999999999
1977-STDKI,0.8544727,1,Month-to-month,73.0,1,876.0
0897-FEGMU,0.8542899,11,Month-to-month,99.5,1,1194.0
7024-OHCCK,0.8537566,2,Month-to-month,93.85,1,1126.1999999999998
2254-DLXRI,0.85340035,1,Month-to-month,79.15,0,949.8000000000001
1374-DMZUI,0.85300094,4,Month-to-month,94.3,1,1131.6
2720-WGKHP,0.85278124,2,Month-to-month,94.0,1,1128.0
7493-TPUWZ,0.85227793,1,Month-to-month,79.15,1,949.8000000000001
8000-REIQB,0.85227305,1,Month-to-month,69.95,1,839.4000000000001
4415-IJZTP,0.851821,1,Month-to-month,74.5,1,894.0
9305-CDSKC,0.85177404,8,Month-to-month,99.65,1,1195.8000000000002
4927-WWOOZ,0.8513115,2,Month-to-month,91.45,0,1097.4
2982-IHMFT,0.85074544,1,Month-to-month,74.45,1,893.4000000000001
7409-KIUTL,0.8503749,1,Month-to-month,71.0,1,852.0
9605-WGJVW,0.85000795,1,Month-to-month,70.2,0,842.4000000000001
4844-JJWUY,0.8499837,1,Month-to-month,86.0,1,1032.0
1363-TXLSL,0.8498231,1,Month-to-month,70.3,1,843.5999999999999
8372-JUXUI,0.84969544,1,Month-to-month,74.35,1,892.1999999999999
3722-WPXTK,0.8496359,1,Month-to-month,88.35,1,1060.1999999999998
4614-NUVZD,0.84954417,1,Month-to-month,81.1,1,973.1999999999999
6996-KNSML,0.84904915,1,Month-to-month,74.9,1,898.8000000000001
1455-ESIQH,0.8487793,1,Month-to-month,89.1,1,1069.1999999999998
5919-TMRGD,0.8486566,1,Month-to-month,79.35,1,952.1999999999999
7903-CMPEY,0.84834427,1,Month-to-month,80.3,1,963.5999999999999
9223-UCPVT,0.8483104,1,Month-to-month,94.4,1,1132.8000000000002
2968-SSGAA,0.8480886,10,Month-to-month,100.6,1,1207.1999999999998
9124-LHCJQ,0.8474798,1,Month-to-month,85.45,1,1025.4
1875-QIVME,0.84512836,2,Month-to-month,104.4,1,1252.8000000000002
7120-RFMVS,0.8450789,1,Month-to-month,84.5,1,1014.0
0318-QUUOB,0.8440923,1,Month-to-month,80.55,1,966.5999999999999
1853-UDXBW,0.843685,1,Month-to-month,70.0,1,840.0
5539-TMZLF,0.84200984,1,Month-to-month,69.75,1,837.0
4806-HIPDW,0.8411282,1,Month-to-month,68.95,1,827.4000000000001
9019-QVLZD,0.840031,1,Month-to-month,79.55,1,954.5999999999999
6416-TVAIH,0.83955693,1,Month-to-month,68.5,1,822.0
5564-NEMQO,0.8390551,1,Month-to-month,75.3,1,903.5999999999999
1941-HOSAM,0.8389864,1,Month-to-month,90.1,0,1081.1999999999998
7665-TOALD,0.83885694,1,Month-to-month,69.6,1,835.1999999999999
1031-IIDEO,0.8381683,1,Month-to-month,70.85,1,850.1999999999999
0781-LKXBR,0.8376826,9,Month-to-month,100.5,1,1206.0
4822-RVYBB,0.8376826,8,Month-to-month,100.6,1,1207.1999999999998
8884-ADFVN,0.8376468,7,Month-to-month,101.95,1,1223.4
8779-QRDMV,0.83756953,1,Month-to-month,39.65,1,475.79999999999995
6496-SLWHQ,0.8373589,3,Month-to-month,105.0,1,1260.0
5542-TBBWB,0.8370998,1,Month-to-month,69.9,0,838.8000000000001
5875-YPQFJ,0.8370998,1,Month-to-month,69.9,1,838.8000000000001
6630-UJZMY,0.83709186,4,Month-to-month,83.25,0,999.0
0488-GSLFR,0.83600324,1,Month-to-month,69.5,1,834.0
8775-ERLNB,0.83584976,1,Month-to-month,74.3,0,891.5999999999999
0328-GRPMV,0.8346989,1,Month-to-month,70.1,1,841.1999999999999
9728-FTTVZ,0.8346264,1,Month-to-month,69.2,1,830.4000000000001
8992-JQYUN,0.83459294,1,Month-to-month,50.35,1,604.2
4078-SAYYN,0.8344795,11,Month-to-month,100.75,1,1209.0
3677-IYRBF,0.8343031,2,Month-to-month,30.4,1,364.79999999999995
2506-TNFCO,0.834197,1,Month-to-month,69.55,1,834.5999999999999
3811-VBYBZ,0.8340169,7,Month-to-month,99.8,1,1197.6
6356-ELRKD,0.83401287,1,Month-to-month,95.6,1,1147.1999999999998
1273-MTETI,0.8339457,4,Month-to-month,88.85,1,1066.1999999999998
6857-VWJDT,0.83389246,1,Month-to-month,95.65,1,1147.8000000000002
7181-BQYBV,0.83370394,1,Month-to-month,102.45,1,1229.4
1846-XWOQN,0.83365786,1,Month-to-month,70.15,1,841.8000000000001
3716-BDVDB,0.8328324,1,Month-to-month,69.1,1,829.1999999999999
3428-XZMAZ,0.8328324,1,Month-to-month,69.35,1,832.1999999999999
1820-TQVEV,0.8328324,1,Month-to-month,69.55,1,834.5999999999999
3389-YGYAI,0.83240676,8,Month-to-month,105.5,1,1266.0
7180-PISOG,0.8320145,1,Month-to-month,74.5,1,894.0
0235-KGSLC,0.83184034,1,Month-to-month,85.55,1,1026.6
8309-IEYJD,0.8316767,1,Month-to-month,70.6,0,847.1999999999999
8098-LLAZX,0.831663,4,Month-to-month,95.45,1,1145.4
2865-TCHJW,0.8312726,4,Month-to-month,89.2,1,1070.4
7526-BEZQB,0.8311861,12,Month-to-month,96.05,1,1152.6
1628-BIZYP,0.83105224,1,Month-to-month,85.0,0,1020.0
4750-ZRXIU,0.8300607,4,Month-to-month,84.6,1,1015.1999999999999
5550-VFRLC,0.8284666,1,Month-to-month,69.85,1,838.1999999999999
4871-JTKJF,0.8284666,1,Month-to-month,69.65,1,835.8000000000001
2636-ALXXZ,0.8284666,1,Month-to-month,69.6,1,835.1999999999999
1768-ZAIFU,0.8282742,1,Month-to-month,25.2,1,302.4
5052-PNLOS,0.82822657,3,Month-to-month,105.35,1,1264.1999999999998
4695-WJZUE,0.82695836,2,Month-to-month,88.55,1,1062.6
6653-CBBOM,0.8262084,1,Month-to-month,70.3,1,843.5999999999999
1640-PLFMP,0.8262084,1,Month-to-month,70.25,0,843.0
6618-RYATB,0.8261676,1,Month-to-month,79.55,1,954.5999999999999
5196-SGOAK,0.82562196,1,Month-to-month,75.7,1,908.4000000000001
3422-LYEPQ,0.8250698,1,Month-to-month,71.0,1,852.0
7450-NWRTR,0.8248426,12,Month-to-month,99.45,1,1193.4
4702-IOQDC,0.82425904,1,Month-to-month,70.1,1,841.1999999999999
7590-VHVEG,0.82414746,1,Month-to-month,29.85,0,358.20000000000005
0679-IDSTG,0.82412875,1,Month-to-month,69.25,1,831.0
3489-HHPFY,0.8240083,2,Month-to-month,84.05,0,1008.5999999999999
6502-MJQAE,0.82362765,1,Month-to-month,69.6,1,835.1999999999999
3765-JXVKY,0.8236021,1,Month-to-month,74.7,1,896.4000000000001
7074-IEVOJ,0.82343554,3,Month-to-month,79.4,1,952.8000000000001
1393-IMKZG,0.82342124,1,Month-to-month,95.85,0,1150.1999999999998
8380-PEFPE,0.82303685,1,Month-to-month,71.65,1,859.8000000000001
6328-ZPBGN,0.8223741,11,Month-to-month,95.15,1,1141.8000000000002
3049-SOLAY,0.8217739,3,Month-to-month,95.2,1,1142.4
3244-DCJWY,0.82157737,1,Month-to-month,70.25,1,843.0
0754-UKWQP,0.8212448,2,Month-to-month,95.85,1,1150.1999999999998
0259-GBZSH,0.8212268,2,Month-to-month,85.65,1,1027.8000000000002
1447-GIQMR,0.8212028,1,Month-to-month,69.15,1,829.8000000000001
3296-SILRA,0.82116336,1,Month-to-month,76.4,1,916.8000000000001
8593-WHYHV,0.8210187,3,Month-to-month,85.3,1,1023.5999999999999
0196-VULGZ,0.82082933,6,Month-to-month,84.35,1,1012.1999999999999
0742-NXBGR,0.8203275,1,Month-to-month,82.3,1,987.5999999999999
5376-DEQCP,0.8196944,1,Month-to-month,70.6,1,847.1999999999999
7254-IQWOZ,0.819148,1,Month-to-month,69.65,1,835.8000000000001
1304-NECVQ,0.818763,2,Month-to-month,78.55,1,942.5999999999999
5167-ZFFMM,0.8181535,1,Month-to-month,90.85,1,1090.1999999999998
1143-NMNQJ,0.8179736,2,Month-to-month,85.7,1,1028.4
5186-SAMNZ,0.8175924,1,Month-to-month,69.5,1,834.0
2446-PLQVO,0.81749994,1,Month-to-month,70.3,1,843.5999999999999
0137-OCGAB,0.81717175,1,Month-to-month,80.2,1,962.4000000000001
4713-LZDRV,0.81659997,2,Month-to-month,79.6,1,955.1999999999999
7660-HDPJV,0.8165278,1,Month-to-month,69.2,1,830.4000000000001
1285-OKIPP,0.8158367,1,Month-to-month,79.9,1,958.8000000000001
9546-CQJSU,0.81490344,2,Month-to-month,91.4,1,1096.8000000000002
8062-YBDOE,0.81409323,1,Month-to-month,69.65,1,835.8000000000001
2265-CYWIV,0.8140351,4,Month-to-month,99.6,1,1195.1999999999998
4603-JANFB,0.81394416,1,Month-to-month,69.85,1,838.1999999999999
5134-IKDAY,0.81375206,1,Month-to-month,69.8,1,837.5999999999999
3006-XIMLN,0.81331193,2,Month-to-month,94.2,1,1130.4
3902-FOIGH,0.8129218,12,Month-to-month,101.35,1,1216.1999999999998
6960-HVYXR,0.8122628,1,Month-to-month,76.0,1,912.0
8168-UQWWF,0.81138796,11,Month-to-month,97.85,1,1174.1999999999998
6688-UZPWD,0.8107486,11,Month-to-month,102.0,1,1224.0
4132-KALRO,0.8104227,4,Month-to-month,100.85,0,1210.1999999999998
2920-RNCEZ,0.8100921,1,Month-to-month,69.95,0,839.4000000000001
9399-APLBT,0.80992883,1,Month-to-month,74.7,1,896.4000000000001
3621-CEOVK,0.80946696,14,Month-to-month,100.2,1,1202.4
0697-ZMSWS,0.8094453,4,Month-to-month,85.65,1,1027.8000000000002
6772-KSATR,0.8088848,1,Month-to-month,81.7,1,980.4000000000001
2754-SDJRD,0.80829084,8,Month-to-month,100.15,0,1201.8000000000002
6474-FVJLC,0.80805296,2,Month-to-month,86.0,1,1032.0
2462-XIIJB,0.80801827,5,Month-to-month,92.5,1,1110.0
9885-CSMWE,0.80764,1,Month-to-month,78.45,1,941.4000000000001
8821-XNHVZ,0.8074229,1,Month-to-month,80.05,1,960.5999999999999
7465-ZZRVX,0.80721366,1,Month-to-month,70.35,0,844.1999999999999
0390-DCFDQ,0.8071239,1,Month-to-month,70.45,1,845.4000000000001
6372-RFVNS,0.8059714,1,Month-to-month,78.8,1,945.5999999999999
4550-EVXNY,0.8056366,1,Month-to-month,69.65,1,835.8000000000001
8161-QYMTT,0.8054056,7,Month-to-month,94.1,0,1129.1999999999998
3097-NQYSN,0.8052059,2,Month-to-month,86.85,1,1042.1999999999998
2612-RANWT,0.8051035,12,Month-to-month,100.15,1,1201.8000000000002
7908-QCBCA,0.80463964,1,Month-to-month,69.4,1,832.8000000000001
4274-OWWYO,0.8045922,1,Month-to-month,74.35,1,892.1999999999999
3776-EKTKM,0.8042298,1,Month-to-month,36.45,1,437.40000000000003
7294-TMAOP,0.80369407,1,Month-to-month,90.55,1,1086.6
4587-VVTOX,0.80295396,6,Month-to-month,105.3,1,1263.6
3494-JCHRQ,0.80251706,1,Month-to-month,70.05,1,840.5999999999999
2485-ITVKB,0.80174553,2,Month-to-month,35.1,1,421.20000000000005
6457-GIRWB,0.8013938,1,Month-to-month,69.35,1,832.1999999999999
9804-ICWBG,0.8013938,1,Month-to-month,69.9,1,838.8000000000001
4510-HIMLV,0.8013938,1,Month-to-month,69.8,1,837.5999999999999
8348-HFYIV,0.80127674,2,Month-to-month,49.25,1,591.0
5644-PDMZC,0.8009425,2,Month-to-month,89.5,1,1074.0
0564-JJHGS,0.80089897,9,Month-to-month,95.5,1,1146.0
2660-EMUBI,0.8005092,10,Month-to-month,95.35,1,1144.1999999999998
5383-MMTWC,0.8003983,8,Month-to-month,84.0,1,1008.0
1450-GALXR,0.80033517,10,Month-to-month,98.5,1,1182.0
8058-JMEQO,0.7982005,9,Month-to-month,84.45,1,1013.4000000000001
6086-ESGRL,0.7980642,1,Month-to-month,80.15,1,961.8000000000001
3049-NDXFL,0.79783154,1,Month-to-month,85.8,1,1029.6
7488-MXJIV,0.79752886,4,Month-to-month,85.65,1,1027.8000000000002
8258-GSTJK,0.7974878,3,Month-to-month,77.0,1,924.0
7760-OYPDY,0.7973984,2,Month-to-month,80.65,1,967.8000000000001
9317-WZPGV,0.79703844,2,Month-to-month,79.75,1,957.0
6210-KBBPI,0.7966585,9,Month-to-month,99.45,1,1193.4
5501-TVMGM,0.7962647,1,Month-to-month,55.25,0,663.0
3091-FYHKI,0.79601187,1,Month-to-month,35.45,1,425.40000000000003
5561-NWEVX,0.79581827,2,Month-to-month,79.2,1,950.4000000000001
5043-TRZWM,0.79581606,1,Month-to-month,75.55,0,906.5999999999999
7943-RQCHR,0.79572684,9,Month-to-month,94.75,1,1137.0
5419-CONWX,0.79503167,4,Month-to-month,99.8,1,1197.6
2454-RPBRZ,0.79493886,12,Month-to-month,98.1,1,1177.1999999999998
9985-MWVIX,0.7949102,1,Month-to-month,70.15,1,841.8000000000001
0702-PGIBZ,0.7945545,4,Month-to-month,101.7,1,1220.4
4952-YSOGZ,0.79451954,4,Month-to-month,85.95,1,1031.4
6910-HADCM,0.7941757,1,Month-to-month,76.35,1,916.1999999999999
3276-HDUEG,0.79411083,1,Month-to-month,75.05,1,900.5999999999999
6108-OQZDQ,0.7937008,4,Month-to-month,97.95,1,1175.4
3063-QFSZL,0.7933945,1,Month-to-month,55.4,1,664.8
1078-TDCRN,0.7929666,3,Month-to-month,30.75,0,369.0
5275-SQEIZ,0.79265016,1,Month-to-month,80.85,1,970.1999999999999
9822-OAOVB,0.7921987,1,Month-to-month,55.45,0,665.4000000000001
5032-MIYKT,0.79205173,1,Month-to-month,70.7,0,848.4000000000001
5835-BEQEU,0.7920274,3,Month-to-month,76.95,1,923.4000000000001
3871-IKPYH,0.79202324,1,Month-to-month,69.1,1,829.1999999999999
4234-XTNEA,0.7914533,2,Month-to-month,79.95,0,959.4000000000001
4929-XIHVW,0.7905934,2,Month-to-month,95.5,0,1146.0
3422-GALYP,0.79050887,2,Month-to-month,79.45,0,953.4000000000001
1960-UYCNN,0.7903829,10,Month-to-month,95.25,0,1143.0
1624-NALOJ,0.79019403,5,Month-to-month,89.8,1,1077.6
5054-IEXZT,0.78982097,1,Month-to-month,75.35,1,904.1999999999999
9957-YODKZ,0.78769255,6,Month-to-month,80.8,0,969.5999999999999
5519-NPHVG,0.78672975,12,Month-to-month,94.2,1,1130.4
8945-GRKHX,0.7863563,1,Month-to-month,78.65,1,943.8000000000001
9172-ANCRX,0.7862467,10,Month-to-month,98.7,1,1184.4
3707-GNWHM,0.7858676,1,Month-to-month,74.25,1,891.0
2777-PHDEI,0.78546816,1,Month-to-month,78.05,1,936.5999999999999
2982-VPSGI,0.7853056,11,Month-to-month,94.0,1,1128.0
2034-GDRCN,0.78520787,2,Month-to-month,90.4,1,1084.8000000000002
3387-VATUS,0.7847667,5,Month-to-month,94.85,1,1138.1999999999998
0334-GDDSO,0.7843087,3,Month-to-month,81.35,1,976.1999999999999
2737-WFVYW,0.7840137,2,Month-to-month,45.25,1,543.0
9840-EFJQB,0.78279537,1,Month-to-month,74.35,0,892.1999999999999
1448-PWKYE,0.78261125,1,Month-to-month,80.0,1,960.0
3643-AHCFP,0.78260815,7,Month-to-month,95.6,1,1147.1999999999998
5393-RXQSZ,0.782389,1,Month-to-month,79.6,1,955.1999999999999
4548-SDBKE,0.7820192,5,Month-to-month,85.2,1,1022.4000000000001
7932-WPTDS,0.7816023,1,Month-to-month,24.8,1,297.6
0684-AOSIH,0.78156525,1,Month-to-month,95.0,1,1140.0
8739-XNIKG,0.78121114,5,Month-to-month,84.0,0,1008.0
5797-APWZC,0.7807798,1,Month-to-month,90.6,1,1087.1999999999998
3320-VEOYC,0.7806893,14,Month-to-month,95.6,0,1147.1999999999998
9444-JTXHZ,0.7805024,1,Month-to-month,76.2,1,914.4000000000001
3793-MMFUH,0.7804769,13,Month-to-month,95.05,1,1140.6
9940-RHLFB,0.7804535,1,Month-to-month,75.3,1,903.5999999999999
1086-LXKFY,0.78008616,1,Month-to-month,69.1,1,829.1999999999999
2856-HYAPG,0.7791166,1,Month-to-month,68.65,1,823.8000000000001
7234-FECYN,0.7786925,8,Month-to-month,101.35,1,1216.1999999999998
5565-FILXA,0.7781739,16,Month-to-month,96.15,1,1153.8000000000002
6140-QNRQQ,0.7780868,1,Month-to-month,71.55,1,858.5999999999999
7548-SEPYI,0.7771877,5,Month-to-month,96.25,1,1155.0
0928-JMXNP,0.776974,4,Month-to-month,29.9,0,358.79999999999995
8972-HJWNV,0.7764928,7,Month-to-month,84.55,1,1014.5999999999999
0968-GSIKN,0.77646875,1,Month-to-month,70.8,1,849.5999999999999
9894-EZEWG,0.7763865,1,Month-to-month,74.3,1,891.5999999999999
7576-OYWBN,0.77615803,3,Month-to-month,76.05,1,912.5999999999999
0375-HVGXO,0.7760774,1,Month-to-month,34.7,1,416.40000000000003
0637-KVDLV,0.7755944,2,Month-to-month,76.5,1,918.0
1197-BVMVG,0.77480817,4,Month-to-month,74.45,0,893.4000000000001
3318-NMQXL,0.77467614,3,Month-to-month,92.0,0,1104.0
2867-UIMSS,0.77463615,1,Month-to-month,80.5,1,966.0
7398-SKNQZ,0.77437174,3,Month-to-month,94.9,0,1138.8000000000002
2024-BASKD,0.773894,1,Month-to-month,74.6,1,895.1999999999999
3177-LASXD,0.77342254,1,Month-to-month,71.35,1,856.1999999999999
3198-VELRD,0.7733997,3,Month-to-month,84.75,1,1017.0
9221-OTIVJ,0.7719837,14,Month-to-month,104.85,1,1258.1999999999998
7779-LGOVN,0.7716556,10,Month-to-month,86.65,1,1039.8000000000002
5378-IKEEG,0.77162594,1,Month-to-month,35.75,1,429.0
3066-RRJIO,0.7714646,1,Month-to-month,69.95,1,839.4000000000001
6702-OHFWR,0.77135783,1,Month-to-month,43.3,1,519.5999999999999
3292-PBZEJ,0.7701018,11,Month-to-month,111.4,0,1336.8000000000002
7153-OANIO,0.7699335,1,Month-to-month,69.95,1,839.4000000000001
2619-WFQWU,0.7689041,1,Month-to-month,70.15,1,841.8000000000001
2013-SGDXK,0.7688131,1,Month-to-month,84.3,1,1011.5999999999999
7817-BOQPW,0.767872,2,Month-to-month,75.55,1,906.5999999999999
4951-UKAAQ,0.7667246,4,Month-to-month,88.95,1,1067.4
5673-FSSMF,0.7663375,1,Month-to-month,60.15,1,721.8
0822-GAVAP,0.76582557,2,Month-to-month,34.7,1,416.40000000000003
1618-CFHME,0.76574796,2,Month-to-month,75.9,1,910.8000000000001
1075-BGWOH,0.7654638,16,Month-to-month,98.75,1,1185.0
4445-ZJNMU,0.76522315,9,Month-to-month,99.3,0,1191.6
4759-TRPLW,0.76409495,1,Month-to-month,70.4,1,844.8000000000001
9747-DDZOS,0.76369905,1,Month-to-month,73.5,1,882.0
0023-HGHWL,0.7633429,1,Month-to-month,25.1,1,301.20000000000005
7242-QZLXF,0.7626549,1,Month-to-month,25.3,1,303.6
7314-OXENN,0.76245767,2,Month-to-month,82.0,1,984.0
8337-UPOAQ,0.7618718,10,Month-to-month,89.8,1,1077.6
4086-YQSNZ,0.761569,3,Month-to-month,80.4,1,964.8000000000001
9617-INGJY,0.76153743,1,Month-to-month,70.6,0,847.1999999999999
2205-YMZZJ,0.76098055,7,Month-to-month,84.8,1,1017.5999999999999
2642-DTVCO,0.760647,9,Month-to-month,85.05,1,1020.5999999999999
1062-LHZOD,0.75962204,1,Month-to-month,69.9,1,838.8000000000001
0812-WUPTB,0.7593504,1,Month-to-month,70.85,1,850.1999999999999
7858-GTZSP,0.7591678,12,Month-to-month,86.55,0,1038.6
9547-ITEFG,0.7591237,9,Month-to-month,102.6,0,1231.1999999999998
8042-JVNFH,0.7590826,1,Month-to-month,71.35,1,856.1999999999999
2862-PFNIK,0.7590578,1,Month-to-month,24.7,0,296.4
5357-TZHPP,0.7588847,9,Month-to-month,84.4,1,1012.8000000000001
6892-EZDTG,0.7584619,4,Month-to-month,91.65,1,1099.8000000000002
4140-MUHUG,0.7575274,3,Month-to-month,86.85,1,1042.1999999999998
0841-NULXI,0.7572496,1,Month-to-month,35.55,1,426.59999999999997
0515-YPMCW,0.7568747,1,Month-to-month,70.45,1,845.4000000000001
5159-YFPKQ,0.75682765,2,Month-to-month,75.8,1,909.5999999999999
4090-KPJIP,0.7567435,3,Month-to-month,74.95,0,899.4000000000001
4795-KTRTH,0.7567033,5,Month-to-month,81.0,1,972.0
9290-SHCMB,0.7564606,13,Month-to-month,96.85,0,1162.1999999999998
5583-SXDAG,0.756416,1,Month-to-month,70.0,1,840.0
5380-AFSSK,0.7564034,5,Month-to-month,93.9,1,1126.8000000000002
8087-LGYHQ,0.7562741,9,Month-to-month,94.05,0,1128.6
0680-DFNNY,0.7561919,15,Month-to-month,101.1,1,1213.1999999999998
8040-MNRTF,0.75618565,1,Month-to-month,71.1,0,853.1999999999999
9611-CTWIH,0.7553942,3,Month-to-month,89.45,1,1073.4
3727-RJMEO,0.75521415,6,Month-to-month,82.85,1,994.1999999999999
1320-HTRDR,0.75513643,3,Month-to-month,75.5,1,906.0
9965-YOKZB,0.7549763,9,Month-to-month,83.85,1,1006.1999999999999
8245-UMPYT,0.75469035,16,Month-to-month,96.4,1,1156.8000000000002
3319-DWOEP,0.7545782,6,Month-to-month,95.75,1,1149.0
2262-SLNVK,0.7545768,1,Month-to-month,70.1,0,841.1999999999999
1915-IOFGU,0.7545768,1,Month-to-month,70.5,1,846.0
2516-VQRRV,0.75441676,2,Month-to-month,75.45,1,905.4000000000001
7330-WZLNC,0.75409716,5,Month-to-month,90.8,1,1089.6
9094-AZPHK,0.75409347,15,Month-to-month,100.15,0,1201.8000000000002
3606-TWKGI,0.754017,13,Month-to-month,106.9,1,1282.8000000000002
7273-TEFQD,0.7540101,3,Month-to-month,41.15,1,493.79999999999995
3877-JRJIP,0.753999,1,Month-to-month,59.85,1,718.2
8943-URTMR,0.75371766,2,Month-to-month,79.65,1,955.8000000000001
1564-NTYXF,0.7536835,13,Month-to-month,82.0,1,984.0
9944-HKVVB,0.7535727,3,Month-to-month,95.1,1,1141.1999999999998
7537-RBWEA,0.7532031,1,Month-to-month,25.15,0,301.79999999999995
4367-NHWMM,0.7532031,1,Month-to-month,24.9,0,298.79999999999995
1122-JWTJW,0.7531197,1,Month-to-month,70.65,1,847.8000000000001
6969-MVBAI,0.7525511,9,Month-to-month,90.1,0,1081.1999999999998
3420-YJLQT,0.7523028,2,Month-to-month,79.55,0,954.5999999999999
1389-CXMLU,0.75219,3,Month-to-month,91.05,1,1092.6
4060-LDNLU,0.7518218,7,Month-to-month,96.2,0,1154.4
1925-TIBLE,0.75139594,7,Month-to-month,86.5,1,1038.0
1334-FJSVR,0.75109625,1,Month-to-month,24.25,1,291.0
8242-SOQUO,0.7507279,5,Month-to-month,84.7,0,1016.4000000000001
0722-TROQR,0.7506886,4,Month-to-month,74.9,1,898.8000000000001
4501-EQDRN,0.7505092,1,Month-to-month,69.7,1,836.4000000000001
0231-LXVAP,0.75032055,1,Month-to-month,75.9,1,910.8000000000001
1200-TUZHR,0.75019675,8,Month-to-month,85.2,0,1022.4000000000001
6877-TJMBR,0.7500755,1,Month-to-month,84.8,1,1017.5999999999999
4706-AXVKM,0.75003564,11,Month-to-month,84.8,1,1017.5999999999999
6979-ZNSFF,0.74962205,8,Month-to-month,87.05,1,1044.6
7225-CBZPL,0.74952495,17,Month-to-month,94.8,0,1137.6
0880-TKATG,0.7494828,4,Month-to-month,101.15,1,1213.8000000000002
5889-LFOLL,0.74916697,13,Month-to-month,84.6,1,1015.1999999999999
4228-ZGYUW,0.7490456,4,Month-to-month,90.05,1,1080.6
3462-BJQQA,0.74867004,6,Month-to-month,89.75,0,1077.0
1173-XZPYF,0.74803185,11,Month-to-month,89.2,0,1070.4
2952-QAYZF,0.7480258,5,Month-to-month,85.3,1,1023.5999999999999
5956-YHHRX,0.74794424,21,Month-to-month,104.35,0,1252.1999999999998
8510-AWCXC,0.74704266,13,Month-to-month,100.8,1,1209.6
2074-GKOWZ,0.74690473,2,Month-to-month,89.55,1,1074.6
2215-ZAFGX,0.7466032,9,Month-to-month,85.5,0,1026.0
5299-RULOA,0.74594593,10,Month-to-month,100.25,1,1203.0
2691-NZETQ,0.7452236,9,Month-to-month,85.35,1,1024.1999999999998
7890-VYYWG,0.74455595,3,Month-to-month,36.45,1,437.40000000000003
0495-ZBNGW,0.7444977,5,Month-to-month,79.9,1,958.8000000000001
8752-STIVR,0.7444175,4,Month-to-month,79.0,1,948.0
6734-GMPVK,0.74429816,5,Month-to-month,105.3,0,1263.6
4395-PZMSN,0.7442006,5,Month-to-month,85.55,0,1026.6
3519-ZKXGG,0.7441782,3,Month-to-month,75.85,1,910.1999999999999
8382-SHQEH,0.7437436,8,Month-to-month,84.9,1,1018.8000000000001
7145-FEJWU,0.7433775,12,Month-to-month,105.3,0,1263.6
7613-LLQFO,0.74310637,12,Month-to-month,84.45,1,1013.4000000000001
6350-XFYGW,0.7426924,4,Month-to-month,94.75,0,1137.0
9451-LPGOO,0.7422672,7,Month-to-month,86.8,1,1041.6
2369-UAPKZ,0.7420961,5,Month-to-month,104.1,1,1249.1999999999998
9306-CPCBC,0.7420269,3,Month-to-month,74.25,1,891.0
2180-DXNEG,0.7417181,12,Month-to-month,96.0,1,1152.0
2876-GZYZC,0.7408592,13,Month-to-month,85.95,0,1031.4
4626-GYCZP,0.7407768,7,Month-to-month,93.85,1,1126.1999999999998
0404-SWRVG,0.74048084,3,Month-to-month,74.4,1,892.8000000000001
4749-OJKQU,0.7404461,4,Month-to-month,75.65,0,907.8000000000001
1571-SAVHK,0.73985666,12,Month-to-month,99.95,1,1199.4
5293-WXJAK,0.73984754,11,Month-to-month,104.05,1,1248.6
9734-YWGEX,0.73972136,9,Month-to-month,98.3,1,1179.6
8443-ZRDBZ,0.7391141,4,Month-to-month,76.05,1,912.5999999999999
4581-SSPWD,0.7387522,3,Month-to-month,75.8,1,909.5999999999999
4298-OYIFC,0.7382856,15,Month-to-month,103.45,0,1241.4
8937-RDTHP,0.7380616,1,Month-to-month,84.6,1,1015.1999999999999
8313-NDOIA,0.7372093,24,Month-to-month,104.15,0,1249.8000000000002
0916-QOFDP,0.7356315,14,Month-to-month,95.8,0,1149.6
6215-NQCPY,0.73530906,15,Month-to-month,99.7,0,1196.4
5956-VKDTT,0.7352425,5,Month-to-month,74.35,1,892.1999999999999
8083-YTZES,0.73519593,4,Month-to-month,74.35,1,892.1999999999999
7235-NXZCP,0.73511827,2,Month-to-month,74.85,1,898.1999999999999
9689-PTNPG,0.7349652,2,Month-to-month,80.25,1,963.0
9025-AOMKI,0.73492724,6,Month-to-month,93.55,1,1122.6
1981-INRFU,0.7348415,2,Month-to-month,79.75,1,957.0
9050-IKDZA,0.73432326,2,Month-to-month,81.5,0,978.0
8357-EQXFO,0.7335119,7,Month-to-month,95.35,1,1144.1999999999998
6407-UTSLV,0.73284703,2,Month-to-month,83.8,0,1005.5999999999999
3186-BAXNB,0.73269147,1,Month-to-month,91.7,1,1100.4
9134-CEQMF,0.73265654,7,Month-to-month,89.5,1,1074.0
9334-GWGOW,0.7322953,7,Month-to-month,74.85,0,898.1999999999999
1567-DSCIC,0.73203427,8,Month-to-month,94.0,1,1128.0
3585-ISXZP,0.7320281,8,Month-to-month,95.65,1,1147.8000000000002
4529-CKBCL,0.7314894,2,Month-to-month,80.2,1,962.4000000000001
1569-TTNYJ,0.7314108,5,Month-to-month,78.75,1,945.0
0011-IGKFF,0.73099023,13,Month-to-month,98.0,1,1176.0
0329-GTIAJ,0.73086256,3,Month-to-month,97.9,1,1174.8000000000002
7341-LXCAF,0.7305958,4,Month-to-month,74.65,1,895.8000000000001
4847-TAJYI,0.72994614,6,Month-to-month,89.35,0,1072.1999999999998
5229-PRWKT,0.7298482,8,Month-to-month,86.55,1,1038.6
2754-VDLTR,0.7290734,10,Month-to-month,95.2,1,1142.4
0187-QSXOE,0.72877735,7,Month-to-month,89.0,0,1068.0
8780-IXSTS,0.7278849,6,Month-to-month,90.1,1,1081.1999999999998
6683-VLCTZ,0.72778887,20,Month-to-month,98.55,1,1182.6
5095-AESKG,0.7277876,3,Month-to-month,91.5,1,1098.0
0871-URUWO,0.7269308,13,Month-to-month,102.25,1,1227.0
0325-XBFAC,0.72635335,8,Month-to-month,94.7,1,1136.4
5804-LEPIM,0.72628814,2,Month-to-month,70.35,1,844.1999999999999
4115-NZRKS,0.72620326,7,Month-to-month,89.15,0,1069.8000000000002
8086-OVPWV,0.7259102,2,Month-to-month,80.2,1,962.4000000000001
7295-JOMMD,0.7258469,4,Month-to-month,98.1,1,1177.1999999999998
7938-OUHIO,0.72564185,3,Month-to-month,98.7,1,1184.4
2674-MIAHT,0.7248336,4,Month-to-month,80.3,0,963.5999999999999
9799-CAYJJ,0.72478837,2,Month-to-month,69.3,0,831.5999999999999
0519-XUZJU,0.7243633,1,Month-to-month,70.75,1,849.0
6015-VVHHE,0.72420794,5,Month-to-month,83.15,1,997.8000000000001
3398-FSHON,0.7241988,12,Month-to-month,91.3,1,1095.6
5995-SNNEW,0.72414607,23,Month-to-month,104.45,0,1253.4
8361-LTMKD,0.72398806,4,Month-to-month,74.4,1,892.8000000000001
9185-TQCVP,0.7238297,14,Month-to-month,85.15,1,1021.8000000000001
5429-LWCMV,0.72378767,12,Month-to-month,89.15,0,1069.8000000000002
3295-YVUSR,0.7232934,2,Month-to-month,72.6,0,871.1999999999999
1024-GUALD,0.72319084,1,Month-to-month,24.8,1,297.6
3992-YWPKO,0.7225591,6,Month-to-month,109.9,1,1318.8000000000002
6357-JJPQT,0.7224695,3,Month-to-month,80.5,0,966.0
4201-JMNGR,0.7223988,1,Month-to-month,55.8,1,669.5999999999999
6260-ONULR,0.72234803,1,Month-to-month,62.8,0,753.5999999999999
3750-CKVKH,0.7223198,2,Month-to-month,67.75,1,813.0
6326-MTTXK,0.72170347,8,Month-to-month,100.85,1,1210.1999999999998
6127-IYJOZ,0.72142667,1,Month-to-month,45.85,0,550.2
8714-CTZJW,0.72110367,4,Month-to-month,82.85,0,994.1999999999999
8622-ZLFKO,0.72033924,6,Month-to-month,90.75,0,1089.0
3801-HMYNL,0.7193938,1,Month-to-month,89.15,1,1069.8000000000002
9330-IJWIO,0.71933275,13,Month-to-month,100.35,1,1204.1999999999998
0722-SVSFK,0.7191965,7,Month-to-month,100.4,0,1204.8000000000002
0220-EBGCE,0.7184676,2,Month-to-month,85.85,1,1030.1999999999998
1084-UQCHV,0.7183391,1,Month-to-month,69.75,1,837.0
6161-UUUTA,0.71787417,3,Month-to-month,79.9,1,958.8000000000001
8931-GJJIQ,0.7177431,9,Month-to-month,83.3,1,999.5999999999999
6615-NGGZJ,0.7175262,14,Month-to-month,100.55,1,1206.6
9878-TNQGW,0.7175144,2,Month-to-month,80.95,1,971.4000000000001
0094-OIFMO,0.7171853,11,Month-to-month,95.0,1,1140.0
1465-VINDH,0.7171818,10,Month-to-month,102.1,1,1225.1999999999998
4192-GORJT,0.7168286,5,Month-to-month,94.45,1,1133.4
7249-WBIYX,0.71625525,10,Month-to-month,85.6,1,1027.1999999999998
4597-NUCQV,0.71612304,24,Month-to-month,101.25,1,1215.0
3106-ULWFW,0.71566564,8,Month-to-month,85.2,1,1022.4000000000001
3473-XIIIT,0.7154131,16,Month-to-month,100.0,1,1200.0
9061-TIHDA,0.7152721,13,Month-to-month,95.25,1,1143.0
6856-RAURS,0.71260595,2,Month-to-month,74.9,0,898.8000000000001
7994-UYIVZ,0.7121458,8,Month-to-month,85.65,0,1027.8000000000002
7394-LWLYN,0.71166104,2,Month-to-month,70.15,0,841.8000000000001
6275-YDUVO,0.7113968,2,Month-to-month,86.2,1,1034.4
2880-FPNAE,0.711355,2,Month-to-month,74.2,0,890.4000000000001
8414-MYSHR,0.71083313,5,Month-to-month,91.4,1,1096.8000000000002
4566-NECEV,0.71072465,5,Month-to-month,96.55,0,1158.6
2424-WVHPL,0.71070784,1,Month-to-month,74.7,0,896.4000000000001
4145-UQXUQ,0.7101842,8,Month-to-month,92.1,1,1105.1999999999998
0195-IESCP,0.70999527,10,Month-to-month,85.25,1,1023.0
4514-GFCFI,0.7096288,16,Month-to-month,84.75,1,1017.0
1746-TGTWV,0.7090192,1,Month-to-month,75.35,0,904.1999999999999
1740-CSDJP,0.70893776,1,Month-to-month,35.25,1,423.0
5318-IXUZF,0.7085714,2,Month-to-month,87.15,1,1045.8000000000002
7321-VGNKU,0.708098,2,Month-to-month,70.35,0,844.1999999999999
2027-FECZV,0.7080806,12,Month-to-month,106.7,1,1280.4
7228-OMTPN,0.70806485,4,Month-to-month,88.45,1,1061.4
0236-HFWSV,0.70798606,15,Month-to-month,93.35,1,1120.1999999999998
8808-ELEHO,0.7054435,8,Month-to-month,81.25,1,975.0
1980-KXVPM,0.70537406,3,Month-to-month,75.05,1,900.5999999999999
5348-CAGXB,0.7051075,12,Month-to-month,89.55,0,1074.6
1724-BQUHA,0.70494723,5,Month-to-month,89.5,1,1074.0
7767-UXAGJ,0.7047926,1,Month-to-month,50.45,1,605.4000000000001
6956-SMUCM,0.70460445,3,Month-to-month,99.0,1,1188.0
3841-CONLJ,0.70458513,1,Month-to-month,35.0,0,420.0
6786-OBWQR,0.7042279,5,Month-to-month,80.85,0,970.1999999999999
4210-QFJMF,0.70398486,4,Month-to-month,79.15,1,949.8000000000001
0151-ONTOV,0.7035916,1,Month-to-month,70.9,1,850.8000000000001
2430-USGXP,0.7024719,24,Month-to-month,101.05,1,1212.6
1579-KLYDT,0.70231515,7,Month-to-month,90.45,1,1085.4
5937-EORGB,0.7022444,15,Month-to-month,96.5,0,1158.0
9231-ZJYAM,0.70165944,4,Month-to-month,78.85,1,946.1999999999999
3855-ONCAR,0.7014902,4,Month-to-month,78.9,0,946.8000000000001
7568-PODML,0.7012004,1,Month-to-month,45.3,1,543.5999999999999
9237-HQITU,0.7008031,2,Month-to-month,70.7,1,848.4000000000001
0674-EYYZV,0.70067364,1,Month-to-month,54.65,0,655.8
7969-AULMZ,0.7004324,21,Month-to-month,97.35,1,1168.1999999999998
0511-JTEOY,0.7003514,1,Month-to-month,71.1,1,853.1999999999999
2990-HWIML,0.7002595,6,Month-to-month,89.5,1,1074.0
4853-OITSN,0.69996285,5,Month-to-month,89.15,0,1069.8000000000002
2789-HQBOU,0.6999375,3,Month-to-month,80.35,0,964.1999999999999
4110-PFEUZ,0.6997189,1,Month-to-month,69.55,1,834.5999999999999
5760-IFJOZ,0.69935423,3,Month-to-month,107.95,0,1295.4
7402-EYFXX,0.69925517,26,Month-to-month,93.6,0,1123.1999999999998
8835-VSDSE,0.6985263,2,Month-to-month,70.7,1,848.4000000000001
7384-GHBPI,0.6981341,3,Month-to-month,35.15,1,421.79999999999995
2077-MPJQO,0.6979829,7,Month-to-month,75.4,0,904.8000000000001
0661-XEYAN,0.6977888,1,Month-to-month,25.8,1,309.6
1496-GGSUK,0.6977888,1,Month-to-month,25.7,1,308.4
7595-EUIVN,0.6974225,1,Month-to-month,75.8,1,909.5999999999999
7854-FOKSF,0.69668967,1,Month-to-month,35.9,1,430.79999999999995
3440-JPSCL,0.6962752,6,Month-to-month,99.95,1,1199.4
8111-RKSPX,0.6961213,4,Month-to-month,72.2,1,866.4000000000001
9314-IJWSQ,0.6960868,14,Month-to-month,84.8,0,1017.5999999999999
3797-VTIDR,0.69589883,1,Month-to-month,23.45,1,281.4
6645-MXQJT,0.695897,2,Month-to-month,97.1,0,1165.1999999999998
2235-DWLJU,0.6958483,6,Month-to-month,44.4,0,532.8
6221-AVQYL,0.6951855,2,Month-to-month,73.25,1,879.0
0365-BZUWY,0.6946599,17,Month-to-month,102.55,0,1230.6
2740-TVLFN,0.6945562,1,Month-to-month,50.15,0,601.8
3045-XETSH,0.69397545,10,Month-to-month,94.85,1,1138.1999999999998
0219-YTZUE,0.6939645,4,Month-to-month,84.8,1,1017.5999999999999
3583-EKAPL,0.6938282,1,Month-to-month,55.0,1,660.0
5077-DXTCG,0.69376737,1,Month-to-month,45.3,1,543.5999999999999
4770-UEZOX,0.6936964,2,Month-to-month,74.75,0,897.0
9897-KXHCM,0.69343126,3,Month-to-month,80.3,1,963.5999999999999
4112-LUEIZ,0.6934037,10,Month-to-month,89.5,1,1074.0
7209-JCUDS,0.6932726,10,Month-to-month,94.9,1,1138.8000000000002
2260-USTRB,0.6926031,2,Month-to-month,70.2,1,842.4000000000001
1678-FYZOW,0.6921178,3,Month-to-month,79.4,1,952.8000000000001
5883-GTGVD,0.69172364,19,Month-to-month,99.95,1,1199.4
2672-HUYVI,0.6911914,6,Month-to-month,91.1,1,1093.1999999999998
5698-BQJOH,0.6908693,9,Month-to-month,94.4,1,1132.8000000000002
2959-MJHIC,0.69081295,4,Month-to-month,80.35,1,964.1999999999999
4813-HQMGZ,0.6902244,8,Month-to-month,90.25,0,1083.0
5884-GCYMI,0.6901904,1,Month-to-month,69.4,1,832.8000000000001
3217-FZDMN,0.69017315,8,Month-to-month,94.45,1,1133.4
5349-IECLD,0.68971384,2,Month-to-month,94.95,1,1139.4
4143-OOBWZ,0.6894969,5,Month-to-month,81.3,1,975.5999999999999
2672-DZUOY,0.68923897,1,Month-to-month,25.15,1,301.79999999999995
7365-BVCJH,0.68923897,1,Month-to-month,24.4,0,292.79999999999995
3338-CVVEH,0.6891082,12,Month-to-month,94.55,0,1134.6
3247-ZVOUO,0.68864226,10,Month-to-month,85.55,1,1026.6
4285-GYRQC,0.68847334,7,Month-to-month,86.25,1,1035.0
6229-LSCKB,0.68837136,6,Month-to-month,79.7,0,956.4000000000001
3393-FMZPV,0.68836135,25,Month-to-month,100.25,1,1203.0
3191-CSNMG,0.6880321,3,Month-to-month,80.7,0,968.4000000000001
2612-RRIDN,0.6878952,4,Month-to-month,81.0,1,972.0
4822-NGOCH,0.68773556,13,Month-to-month,84.45,1,1013.4000000000001
2276-YDAVZ,0.68765736,3,Month-to-month,75.1,1,901.1999999999999
3452-GWUIN,0.6874456,19,Month-to-month,94.95,0,1139.4
3663-MITLP,0.6872352,15,Month-to-month,101.25,1,1215.0
6892-XPFPU,0.6868537,24,Month-to-month,104.25,1,1251.0
7029-RPUAV,0.68661326,17,Month-to-month,100.45,1,1205.4
1866-RZZQS,0.68635464,41,Month-to-month,98.4,1,1180.8000000000002
5923-GXUOC,0.68602604,10,Month-to-month,104.4,1,1252.8000000000002
2645-QTLMB,0.68580014,7,Month-to-month,94.25,1,1131.0
0248-IPDFW,0.6854152,1,Month-to-month,50.1,0,601.2
2272-QAGFO,0.68515867,14,Month-to-month,74.3,1,891.5999999999999
9734-UYXQI,0.6850903,2,Month-to-month,49.4,1,592.8
2688-BHGOG,0.68503755,9,Month-to-month,79.55,0,954.5999999999999
8625-AZYZY,0.68482625,24,Month-to-month,104.65,1,1255.8000000000002
3834-XUIFC,0.6847805,7,Month-to-month,85.2,1,1022.4000000000001
7156-MHUGY,0.68466794,13,Month-to-month,90.5,1,1086.0
8107-KNCIM,0.68438184,14,Month-to-month,75.1,0,901.1999999999999
3751-KTZEL,0.68400884,1,Month-to-month,35.05,1,420.59999999999997
1965-AKTSX,0.68373287,14,Month-to-month,78.95,1,947.4000000000001
5909-ECHUI,0.6836469,1,Month-to-month,56.25,1,675.0
3721-CNEYS,0.6836459,2,Month-to-month,70.95,1,851.4000000000001
2636-OHFMN,0.6833155,4,Month-to-month,48.55,1,582.5999999999999
4482-EWFMI,0.68308306,2,Month-to-month,69.7,0,836.4000000000001
6543-XRMYR,0.6826529,30,Month-to-month,99.7,1,1196.4
8705-WZCYL,0.68234277,1,Month-to-month,44.8,0,537.5999999999999
6608-QQLVK,0.6822815,1,Month-to-month,50.5,1,606.0
7130-VTEWQ,0.6820542,8,Month-to-month,75.75,1,909.0
2468-SJFLM,0.68202233,1,Month-to-month,74.3,0,891.5999999999999
4727-MCYZG,0.6819475,1,Month-to-month,55.55,0,666.5999999999999
5868-YWPDW,0.6818005,6,Month-to-month,84.2,1,1010.4000000000001
8720-RQSBJ,0.681667,1,Month-to-month,44.0,0,528.0
1219-NNDDO,0.68155366,9,Month-to-month,76.85,0,922.1999999999999
6168-WFVVF,0.681326,3,Month-to-month,70.3,1,843.5999999999999
6941-PMGEP,0.680328,5,Month-to-month,80.0,1,960.0
1342-JPNKI,0.6793522,10,Month-to-month,86.05,1,1032.6
4229-CZMLL,0.6792914,6,Month-to-month,74.9,1,898.8000000000001
1251-STYSZ,0.67826927,4,Month-to-month,80.25,0,963.0
6424-ELEYH,0.6780708,3,Month-to-month,74.75,1,897.0
9402-ORRAH,0.6778637,15,Month-to-month,91.5,0,1098.0
2026-TGDHM,0.67770165,7,Month-to-month,79.3,1,951.5999999999999
9189-JWSHV,0.67758614,24,Month-to-month,93.55,1,1122.6
6860-YRJZP,0.6775118,9,Month-to-month,74.05,0,888.5999999999999
7089-IVVAZ,0.6773308,8,Month-to-month,103.35,1,1240.1999999999998
6060-DRTNL,0.6773238,5,Month-to-month,84.85,1,1018.1999999999999
1751-NCDLI,0.6771974,46,Month-to-month,98.85,0,1186.1999999999998
5940-AHUHD,0.6767501,1,Month-to-month,70.6,1,847.1999999999999
8118-LSUEL,0.6765045,23,Month-to-month,106.4,1,1276.8000000000002
5442-UTCVD,0.6764296,3,Month-to-month,91.85,1,1102.1999999999998
4351-QLCSU,0.6764143,1,Month-to-month,55.0,1,660.0
9919-KNPOO,0.67638594,21,Month-to-month,94.3,0,1131.6
4009-ALQFH,0.6761308,25,Month-to-month,99.5,1,1194.0
2897-DOVND,0.67609197,2,Month-to-month,69.8,0,837.5999999999999
6435-SRWBJ,0.6760235,5,Month-to-month,82.75,0,993.0
2055-PDADH,0.6759523,3,Month-to-month,70.4,1,844.8000000000001
7563-BIUPC,0.6758941,5,Month-to-month,80.6,1,967.1999999999999
6137-NICCO,0.67527634,6,Month-to-month,94.05,0,1128.6
5729-KLZAR,0.6752422,4,Month-to-month,80.85,1,970.1999999999999
9837-BMCLM,0.6749931,3,Month-to-month,78.5,1,942.0
3370-HXOPH,0.6748274,3,Month-to-month,76.1,0,913.1999999999999
5685-IIXLY,0.67471915,5,Month-to-month,83.6,1,1003.1999999999999
6711-FLDFB,0.67440706,7,Month-to-month,74.9,1,898.8000000000001
2984-AFWNC,0.6740795,3,Month-to-month,95.4,0,1144.8000000000002
9752-ZNQUT,0.67386556,1,Month-to-month,48.6,0,583.2
2123-AGEEN,0.6736784,7,Month-to-month,84.35,0,1012.1999999999999
0709-TVGUR,0.6735071,9,Month-to-month,74.55,1,894.5999999999999
2135-DQWAQ,0.6733069,5,Month-to-month,85.3,0,1023.5999999999999
4633-MKHYU,0.6725672,9,Month-to-month,88.4,0,1060.8000000000002
5445-UTODQ,0.6718388,7,Month-to-month,81.1,1,973.1999999999999
4806-KEXQR,0.6718057,4,Month-to-month,79.9,1,958.8000000000001
5276-KQWHG,0.67072535,2,Month-to-month,69.6,1,835.1999999999999
5091-HFAZW,0.6705015,2,Month-to-month,91.15,0,1093.8000000000002
9367-WXLCH,0.6697252,8,Month-to-month,84.5,1,1014.0
4282-YMKNA,0.6695814,9,Month-to-month,74.75,1,897.0
7354-OIJLX,0.6694192,9,Month-to-month,75.85,0,910.1999999999999
2868-SNELZ,0.66907597,2,Month-to-month,80.6,1,967.1999999999999
2081-VEYEH,0.66869396,3,Month-to-month,107.95,0,1295.4
4735-ASGMA,0.6686645,26,Month-to-month,98.35,1,1180.1999999999998
2929-ERCFZ,0.6679342,8,Month-to-month,94.2,1,1130.4
9850-OWRHQ,0.6678546,3,Month-to-month,74.1,1,889.1999999999999
9274-CNFMO,0.66706383,4,Month-to-month,74.95,1,899.4000000000001
3518-PZXZQ,0.66679543,1,Month-to-month,55.3,0,663.5999999999999
5138-WVKYJ,0.66659665,10,Month-to-month,98.55,1,1182.6
8225-BTJAU,0.6662996,10,Month-to-month,79.25,1,951.0
4854-CIDCF,0.6662342,3,Month-to-month,73.85,0,886.1999999999999
4342-HENTK,0.6661533,2,Month-to-month,70.65,1,847.8000000000001
2379-ENZGV,0.66606236,6,Month-to-month,84.85,1,1018.1999999999999
8861-HGGKB,0.6660252,10,Month-to-month,86.45,1,1037.4
0746-JTRFU,0.665938,2,Month-to-month,25.05,1,300.6
8185-UPYBR,0.6653422,6,Month-to-month,75.5,1,906.0
8111-SLLHI,0.6650439,39,Month-to-month,105.65,1,1267.8000000000002
5947-SGKCL,0.6648209,15,Month-to-month,105.35,0,1264.1999999999998
2737-YNGYW,0.66478395,2,Month-to-month,80.55,1,966.5999999999999
2495-INZWQ,0.6643506,4,Month-to-month,44.55,1,534.5999999999999
7392-YYPYJ,0.6642915,22,Month-to-month,100.65,0,1207.8000000000002
3748-FVMZZ,0.663909,4,Month-to-month,40.05,0,480.59999999999997
7823-JSOAG,0.6636665,3,Month-to-month,74.5,0,894.0
5569-KGJHX,0.66354597,9,Month-to-month,85.35,1,1024.1999999999998
2761-OCIAX,0.6633099,2,Month-to-month,74.7,1,896.4000000000001
9647-ERGBE,0.663244,30,Month-to-month,100.05,1,1200.6
7218-HKQFK,0.66322714,2,Month-to-month,94.2,1,1130.4
0644-OQMDK,0.6631849,4,Month-to-month,70.65,0,847.8000000000001
9391-EOYLI,0.66237897,12,Month-to-month,80.45,1,965.4000000000001
8064-RAVOH,0.66234845,1,Month-to-month,49.85,0,598.2
8734-DKSTZ,0.66219413,10,Month-to-month,85.95,0,1031.4
8445-DNBAE,0.6621491,1,Month-to-month,50.05,0,600.5999999999999
4373-VVHQL,0.66200423,1,Month-to-month,44.75,0,537.0
8263-JQAIK,0.66157824,2,Month-to-month,24.45,1,293.4
7079-QRCBC,0.66135865,24,Month-to-month,98.75,1,1185.0
3001-UNBTL,0.6613292,29,Month-to-month,103.95,0,1247.4
3372-KWFBM,0.6612646,16,Month-to-month,86.6,1,1039.1999999999998
7625-XCQRH,0.66124666,11,Month-to-month,76.5,1,918.0
6077-BDPXA,0.6612284,3,Month-to-month,70.15,0,841.8000000000001
7479-NITWS,0.6612117,7,Month-to-month,89.35,1,1072.1999999999998
3096-GKWEB,0.6610825,18,Month-to-month,94.75,0,1137.0
1184-PJVDB,0.6610006,10,Month-to-month,79.95,1,959.4000000000001
6629-CZTTH,0.6608397,1,Month-to-month,55.7,1,668.4000000000001
4929-BSTRX,0.6607355,1,Month-to-month,53.55,1,642.5999999999999
0411-EZJZE,0.6604855,3,Month-to-month,60.25,0,723.0
9095-HFAFX,0.66037077,5,Month-to-month,81.0,1,972.0
1704-NRWYE,0.66016626,9,Month-to-month,80.85,1,970.1999999999999
0306-JAELE,0.65958124,5,Month-to-month,96.1,1,1153.1999999999998
9809-IMGCQ,0.6594469,22,Month-to-month,96.7,1,1160.4
5382-SOYZL,0.6593141,22,Month-to-month,95.1,0,1141.1999999999998
5935-FCCNB,0.65929693,17,Month-to-month,94.2,0,1130.4
0508-OOLTO,0.6590319,2,Month-to-month,71.65,0,859.8000000000001
5288-AHOUP,0.6589197,11,Month-to-month,78.5,0,942.0
1976-CFOCS,0.65882695,1,Month-to-month,46.0,1,552.0
2985-FMWYF,0.658767,23,Month-to-month,93.5,0,1122.0
9588-OZDMQ,0.6587285,2,Month-to-month,45.0,0,540.0
9921-ZVRHG,0.6577413,14,Month-to-month,80.45,1,965.4000000000001
3411-WLRSQ,0.6576377,3,Month-to-month,74.6,0,895.1999999999999
8183-ONMXC,0.6575623,2,Month-to-month,80.75,1,969.0
9685-WKZGT,0.65718365,14,Month-to-month,74.95,1,899.4000000000001
3413-BMNZE,0.65710723,1,Month-to-month,45.25,0,543.0
3891-PUQOD,0.6562748,1,Month-to-month,59.2,1,710.4000000000001
4236-XPXAV,0.65621525,5,Month-to-month,99.15,1,1189.8000000000002
7005-CCBKV,0.6560636,6,Month-to-month,84.4,1,1012.8000000000001
1010-DIAUQ,0.65599644,5,Month-to-month,96.5,1,1158.0
8413-VONUO,0.65575486,2,Month-to-month,95.65,1,1147.8000000000002
9717-QEBGU,0.6549241,2,Month-to-month,70.3,0,843.5999999999999
3317-HRTNN,0.6548655,5,Month-to-month,45.7,1,548.4000000000001
0616-ATFGB,0.6545927,1,Month-to-month,25.05,1,300.6
3199-XGZCY,0.65455705,8,Month-to-month,75.25,0,903.0
2082-CEFLT,0.65442234,1,Month-to-month,45.6,1,547.2
6393-WRYZE,0.6544108,34,Month-to-month,97.65,1,1171.8000000000002
0872-NXJYS,0.65429497,9,Month-to-month,79.55,1,954.5999999999999
5244-IRFIH,0.65404284,33,Month-to-month,94.5,1,1134.0
9633-XQABV,0.6539493,3,Month-to-month,70.25,0,843.0
4123-DVHPH,0.6539326,9,Month-to-month,88.05,0,1056.6
1583-IHQZE,0.6535628,12,Month-to-month,112.95,1,1355.4
8443-WVPSS,0.65345794,10,Month-to-month,99.85,1,1198.1999999999998
6185-TASNN,0.6534441,1,Month-to-month,46.3,0,555.5999999999999
9360-OMDZZ,0.6531405,24,Month-to-month,94.1,0,1129.1999999999998
0135-NMXAP,0.65203303,12,Month-to-month,89.75,1,1077.0
0004-TLHLJ,0.6519503,4,Month-to-month,73.9,1,886.8000000000001
4559-UWIHT,0.6517822,14,Month-to-month,82.65,0,991.8000000000001
9606-PBKBQ,0.6517386,32,Month-to-month,85.0,1,1020.0
6087-MVHJH,0.6516261,16,Month-to-month,88.45,1,1061.4
6437-UKHMV,0.65151006,7,Month-to-month,79.7,1,956.4000000000001
7668-XCFYV,0.6514593,17,Month-to-month,92.55,0,1110.6
5960-MVTUK,0.65127134,3,Month-to-month,29.75,0,357.0
8687-BAFGU,0.65121484,1,Month-to-month,74.0,0,888.0
2959-FENLU,0.651112,9,Month-to-month,85.3,0,1023.5999999999999
1658-BYGOY,0.6508812,18,Month-to-month,95.45,1,1145.4
2799-ARNLO,0.65085036,5,Month-to-month,69.35,0,832.1999999999999
7363-QTBIW,0.6507269,9,Month-to-month,79.75,0,957.0
7783-YKGDV,0.6506381,12,Month-to-month,99.7,1,1196.4
9840-DVNDC,0.6505121,6,Month-to-month,80.5,1,966.0
0122-OAHPZ,0.6505066,7,Month-to-month,73.85,1,886.1999999999999
5570-PTWEH,0.6504511,3,Month-to-month,75.15,1,901.8000000000001
5168-MSWXT,0.6503294,8,Month-to-month,94.75,0,1137.0
5167-GBFRE,0.65030587,4,Month-to-month,25.2,1,302.4
5928-QLDHB,0.65027,9,Month-to-month,76.25,0,915.0
1636-NTNCO,0.6502122,4,Month-to-month,50.95,0,611.4000000000001
0420-HLGXF,0.6497616,39,Month-to-month,99.75,0,1197.0
1195-OIYEJ,0.64940935,13,Month-to-month,91.1,1,1093.1999999999998
7442-YGZFK,0.64908403,1,Month-to-month,49.8,0,597.5999999999999
4884-ZTHVF,0.64875394,8,Month-to-month,87.1,0,1045.1999999999998
7638-QVMVY,0.6485085,7,Month-to-month,79.0,1,948.0
3329-WDIOK,0.6483895,3,Month-to-month,50.6,1,607.2
5119-NZPTV,0.6482468,2,Month-to-month,70.1,0,841.1999999999999
8035-PWSEV,0.64807975,6,Month-to-month,89.25,0,1071.0
8800-JOOCF,0.64774764,12,Month-to-month,84.05,0,1008.5999999999999
2845-AFFTX,0.64702874,41,Month-to-month,99.8,1,1197.6
6818-DJXAA,0.6465512,10,Month-to-month,91.1,0,1093.1999999999998
6959-UWKHF,0.64640856,1,Month-to-month,42.9,1,514.8
7379-POKDZ,0.6461719,3,Month-to-month,70.3,1,843.5999999999999
4817-VYYWS,0.645931,30,Month-to-month,100.2,1,1202.4
7379-FNIUJ,0.64578664,2,Month-to-month,100.2,0,1202.4
4315-MURBD,0.64551914,12,Month-to-month,98.9,1,1186.8000000000002
9828-AOQLM,0.64532274,1,Month-to-month,45.7,1,548.4000000000001
7245-NIIWQ,0.6448855,3,Month-to-month,69.85,0,838.1999999999999
2657-VPXTA,0.64466083,10,Month-to-month,88.85,0,1066.1999999999998
1379-FRVEB,0.64439434,15,Month-to-month,91.0,0,1092.0
8903-XEBGX,0.64395106,2,Month-to-month,55.3,0,663.5999999999999
0925-VYDLG,0.6437711,3,Month-to-month,75.25,1,903.0
0793-TWELN,0.64343077,4,Month-to-month,80.15,0,961.8000000000001
8844-TONUD,0.6432808,13,Month-to-month,96.65,1,1159.8000000000002
0455-XFASS,0.6432066,3,Month-to-month,69.55,0,834.5999999999999
3030-YDNRM,0.6430265,8,Month-to-month,74.85,0,898.1999999999999
7693-LCKZL,0.6428513,5,Month-to-month,80.15,1,961.8000000000001
2371-JQHZZ,0.6427805,24,Month-to-month,93.0,0,1116.0
6923-JHPMP,0.64242685,2,Month-to-month,80.45,0,965.4000000000001
5261-QSHQM,0.6417915,4,Month-to-month,24.45,1,293.4
8397-MVTAZ,0.64111793,34,Month-to-month,100.05,1,1200.6
8224-DWCKX,0.6411022,12,Month-to-month,73.3,0,879.5999999999999
9846-GKXAS,0.6410041,9,Month-to-month,90.8,1,1089.6
7495-OOKFY,0.64063674,8,Month-to-month,80.65,1,967.8000000000001
9514-JDSKI,0.6404452,1,Month-to-month,40.2,1,482.40000000000003
1626-ERCMM,0.6404014,20,Month-to-month,94.55,1,1134.6
6128-CZOMY,0.64026046,1,Month-to-month,45.65,1,547.8
5216-WASFJ,0.64020306,31,Month-to-month,84.85,0,1018.1999999999999
1226-IENZN,0.64002526,16,Month-to-month,78.75,0,945.0
0612-RTZZA,0.63965636,1,Month-to-month,25.25,1,303.0
4815-GBTCD,0.63927317,4,Month-to-month,25.15,0,301.79999999999995
0840-DFEZH,0.63918805,7,Month-to-month,75.35,0,904.1999999999999
4816-JBHOV,0.63899094,2,Month-to-month,44.7,1,536.4000000000001
7028-DVOIQ,0.6386299,35,Month-to-month,99.05,1,1188.6
7571-YXDAD,0.6384703,2,Month-to-month,74.9,1,898.8000000000001
4277-PVRAN,0.6382344,8,Month-to-month,80.1,1,961.1999999999999
1866-OBPNR,0.6381036,1,Month-to-month,74.6,0,895.1999999999999
2107-FBPTK,0.63785094,30,Month-to-month,104.1,0,1249.1999999999998
2025-JKFWI,0.6376466,13,Month-to-month,99.0,1,1188.0
6583-KQJLK,0.63725686,15,Month-to-month,94.65,0,1135.8000000000002
7780-OTDSO,0.6370936,18,Month-to-month,99.4,1,1192.8000000000002
0480-BIXDE,0.6370379,19,Month-to-month,96.8,0,1161.6
5609-CEBID,0.6368372,20,Month-to-month,94.1,1,1129.1999999999998
1602-IJQQE,0.63660103,4,Month-to-month,75.35,1,904.1999999999999
3957-LXOLK,0.635954,28,Month-to-month,106.15,1,1273.8000000000002
0013-EXCHZ,0.6358654,3,Month-to-month,83.9,1,1006.8000000000001
2386-LAHRK,0.63556284,1,Month-to-month,53.5,1,642.0
3138-BKYAV,0.63546747,6,Month-to-month,85.35,1,1024.1999999999998
7615-ESMYF,0.6352969,2,Month-to-month,44.6,1,535.2
9638-JIQYA,0.635279,2,Month-to-month,24.9,0,298.79999999999995
0345-HKJVM,0.635231,6,Month-to-month,89.3,1,1071.6
3874-EQOEP,0.6349827,7,Month-to-month,95.0,1,1140.0
2018-PZKMU,0.6347185,9,Month-to-month,103.1,0,1237.1999999999998
4021-RQSNY,0.63398886,29,Month-to-month,98.5,1,1182.0
6029-WTIPC,0.6338678,37,Month-to-month,101.1,1,1213.1999999999998
8080-DDEMJ,0.6336912,1,Month-to-month,45.1,1,541.2
4706-DGAHW,0.6336912,1,Month-to-month,45.2,0,542.4000000000001
2919-HBCJO,0.6335153,4,Month-to-month,76.65,1,919.8000000000001
8519-IMDHU,0.6332904,15,Month-to-month,85.6,1,1027.1999999999998
2080-CAZNM,0.63313574,41,Month-to-month,104.4,0,1252.8000000000002
8374-XGEJJ,0.63297945,43,Month-to-month,101.0,1,1212.0
3629-ZNKXA,0.63297606,17,Month-to-month,101.8,0,1221.6
0923-PNFUB,0.6329758,3,Month-to-month,83.75,1,1005.0
4094-NSEDU,0.63285124,21,Month-to-month,94.25,1,1131.0
3966-HRMZA,0.63277924,3,Month-to-month,75.05,0,900.5999999999999
6680-WKXRZ,0.6322103,3,Month-to-month,74.4,1,892.8000000000001
8356-WUAOJ,0.6320665,1,Month-to-month,45.0,0,540.0
6158-HDPXZ,0.63193387,1,Month-to-month,25.35,0,304.20000000000005
5519-YLDGW,0.63136625,21,Month-to-month,103.9,1,1246.8000000000002
2983-ZANRP,0.63085645,2,Month-to-month,73.55,1,882.5999999999999
1731-TVIUK,0.6308554,4,Month-to-month,93.5,1,1122.0
1689-YQBYY,0.63020146,12,Month-to-month,76.6,0,919.1999999999999
3074-GQWYX,0.63004684,5,Month-to-month,75.9,1,910.8000000000001
8541-QVFKM,0.6298184,8,Month-to-month,73.5,0,882.0
8065-YKXKD,0.6291727,10,Month-to-month,74.75,1,897.0
7426-RHZGU,0.6291441,9,Month-to-month,95.9,0,1150.8000000000002
3317-VLGQT,0.62908536,14,Month-to-month,78.1,0,937.1999999999999
0224-RLWWD,0.62881714,2,Month-to-month,44.3,0,531.5999999999999
4450-DLLMH,0.62880933,2,Month-to-month,71.3,0,855.5999999999999
7508-MYBOG,0.62861866,14,Month-to-month,86.1,1,1033.1999999999998
7198-GLXTC,0.6285912,2,Month-to-month,79.0,1,948.0
4290-BSXUX,0.6285152,3,Month-to-month,79.65,1,955.8000000000001
6127-ISGTU,0.62822366,16,Month-to-month,84.95,1,1019.4000000000001
9895-VFOXH,0.62798893,1,Month-to-month,24.4,0,292.79999999999995
3050-GBUSH,0.62780017,3,Month-to-month,34.8,0,417.59999999999997
3334-CTHOL,0.6277513,1,Month-to-month,49.95,1,599.4000000000001
4059-IIEBK,0.6277256,7,Month-to-month,78.55,0,942.5999999999999
5599-HVLTW,0.6276243,14,Month-to-month,80.35,0,964.1999999999999
2034-CGRHZ,0.6273258,24,Month-to-month,102.95,1,1235.4
4349-GFQHK,0.6267761,1,Month-to-month,54.35,1,652.2
6000-APYLU,0.6265435,9,Month-to-month,80.8,1,969.5999999999999
7072-MBHEV,0.6257612,11,Month-to-month,78.1,0,937.1999999999999
8999-BOHSE,0.62568915,11,Month-to-month,89.7,1,1076.4
6986-IXNDM,0.6254882,14,Month-to-month,92.9,0,1114.8000000000002
6047-YHPVI,0.62546295,5,Month-to-month,69.7,1,836.4000000000001
0689-NKYLF,0.6252714,13,Month-to-month,83.2,1,998.4000000000001
6650-VJONK,0.6246839,1,Month-to-month,43.85,0,526.2
7044-YAACC,0.62438726,4,Month-to-month,70.2,0,842.4000000000001
6496-JDSSB,0.62398916,8,Month-to-month,80.0,0,960.0
2905-KFQUV,0.62390256,2,Month-to-month,70.4,0,844.8000000000001
3249-ZPQRG,0.6238905,4,Month-to-month,78.45,1,941.4000000000001
6851-WEFYX,0.62340635,35,Month-to-month,100.8,0,1209.6
3754-DXMRT,0.6228358,2,Month-to-month,44.15,1,529.8
1475-VWVDO,0.6227451,7,Month-to-month,74.9,0,898.8000000000001
6317-YPKDH,0.6219358,1,Month-to-month,29.95,1,359.4
9136-ALYBR,0.62180287,1,Month-to-month,24.45,1,293.4
8132-YPVBX,0.62179637,6,Month-to-month,85.95,0,1031.4
1508-DFXCU,0.6217632,12,Month-to-month,81.45,0,977.4000000000001
9058-CBREO,0.62157255,1,Month-to-month,50.55,1,606.5999999999999
0875-CABNR,0.62145996,10,Month-to-month,84.6,1,1015.1999999999999
5117-IFGPS,0.62142944,29,Month-to-month,84.3,0,1011.5999999999999
4074-SJFFA,0.621223,1,Month-to-month,54.75,1,657.0
8290-YWKHZ,0.62091166,32,Month-to-month,93.2,1,1118.4
7315-WYOAW,0.62021315,13,Month-to-month,100.75,0,1209.0
8699-ASUFO,0.61976296,7,Month-to-month,74.4,1,892.8000000000001
4855-SNKMY,0.61939275,1,Month-to-month,44.1,1,529.2
3797-FKOGQ,0.61935925,11,Month-to-month,86.2,0,1034.4
9874-QLCLH,0.6189081,17,Month-to-month,104.2,1,1250.4
9430-FRQOC,0.6187859,4,Month-to-month,87.1,1,1045.1999999999998
3904-UKFRE,0.6183183,4,Month-to-month,80.1,0,961.1999999999999
5628-FCGYG,0.6181773,21,Month-to-month,84.1,0,1009.1999999999999
1565-RHDJD,0.6181023,4,Month-to-month,84.05,1,1008.5999999999999
9117-SHLZX,0.61781174,1,Month-to-month,45.7,1,548.4000000000001
5133-POWUA,0.61781174,1,Month-to-month,45.8,0,549.5999999999999
5955-ERIHD,0.6173323,18,Month-to-month,94.7,1,1136.4
6432-TWQLB,0.61717784,5,Month-to-month,85.4,1,1024.8000000000002
4631-OACRM,0.6171352,15,Month-to-month,79.4,1,952.8000000000001
2665-NPTGL,0.6169628,26,Month-to-month,98.1,0,1177.1999999999998
2154-KVJFF,0.6168753,15,Month-to-month,79.75,1,957.0
3376-BMGFE,0.6163305,4,Month-to-month,70.9,1,850.8000000000001
6030-REHUX,0.61610943,28,Month-to-month,110.85,0,1330.1999999999998
2984-MIIZL,0.6160754,4,Month-to-month,74.8,1,897.5999999999999
2969-QWUBZ,0.6151889,2,Month-to-month,51.4,0,616.8
6005-OBZPH,0.61484605,26,Month-to-month,89.15,1,1069.8000000000002
3916-NRPAP,0.61476207,3,Month-to-month,85.7,0,1028.4
9253-QXKBE,0.6147371,29,Month-to-month,94.45,1,1133.4
0771-WLCLA,0.61386955,16,Month-to-month,112.95,0,1355.4
8118-TJAFG,0.61379945,9,Month-to-month,101.5,0,1218.0
7912-SYRQT,0.61378413,7,Month-to-month,75.1,1,901.1999999999999
6551-GNYDG,0.61346287,14,Month-to-month,80.9,0,970.8000000000001
0432-CAJZV,0.61293906,3,Month-to-month,90.7,0,1088.4
1406-PUQVY,0.6128443,1,Month-to-month,49.9,0,598.8
1254-IZEYF,0.61282647,31,Month-to-month,99.95,1,1199.4
0018-NYROU,0.61274487,5,Month-to-month,68.95,0,827.4000000000001
7511-YMXVQ,0.6123168,9,Month-to-month,45.4,1,544.8
5442-BHQNG,0.61221546,2,Month-to-month,70.35,0,844.1999999999999
2439-LYPMQ,0.61190414,38,Month-to-month,102.6,0,1231.1999999999998
9227-LUNBG,0.61147875,1,Month-to-month,24.6,1,295.20000000000005
9741-YLNTD,0.6114439,6,Month-to-month,87.95,0,1055.4
4585-HETAI,0.611404,4,Month-to-month,73.75,1,885.0
9696-RMYBA,0.6106046,5,Month-to-month,80.1,0,961.1999999999999
9133-AYJZG,0.61048657,23,Month-to-month,98.7,0,1184.4
6646-VRFOL,0.6104618,53,Month-to-month,103.85,1,1246.1999999999998
8325-QRPZR,0.6101156,7,Month-to-month,75.15,0,901.8000000000001
4958-XCBDQ,0.61005735,35,Month-to-month,101.4,1,1216.8000000000002
2114-MGINA,0.60951114,14,Month-to-month,89.8,1,1077.6
8648-PFRMP,0.6091574,14,Month-to-month,46.35,0,556.2
7389-KBFIT,0.6090396,2,Month-to-month,30.25,0,363.0
6032-IGALN,0.60876393,1,Month-to-month,25.1,1,301.20000000000005
6338-AVWCY,0.60868627,3,Month-to-month,40.15,1,481.79999999999995
2135-RXIHG,0.6085959,1,Month-to-month,45.65,1,547.8
9250-WYPLL,0.60856557,5,Month-to-month,75.55,1,906.5999999999999
0988-JRWWP,0.6084284,3,Month-to-month,54.2,0,650.4000000000001
5399-ZIMKF,0.6082561,5,Month-to-month,74.65,0,895.8000000000001
0947-IDHRQ,0.6080884,7,Month-to-month,80.3,1,963.5999999999999
3566-HJGPK,0.6075884,1,Month-to-month,45.55,0,546.5999999999999
5520-FVEWJ,0.6075725,12,Month-to-month,84.5,1,1014.0
6689-TCZHQ,0.60757136,5,Month-to-month,78.95,1,947.4000000000001
8634-MPHTR,0.60667586,47,Month-to-month,100.05,1,1200.6
7394-FKDNK,0.6066026,9,Month-to-month,89.45,1,1073.4
0876-WDUUZ,0.60641783,5,Month-to-month,85.4,1,1024.8000000000002
2357-COQEK,0.6061477,28,Month-to-month,103.3,1,1239.6
4433-JCGCG,0.6059413,46,Month-to-month,101.0,1,1212.0
8063-GBATB,0.6059393,27,Month-to-month,85.25,1,1023.0
8485-GJCDN,0.60555524,5,Month-to-month,69.05,1,828.5999999999999
9102-IAYHT,0.6051935,17,Month-to-month,85.45,1,1025.4
2460-NGXBJ,0.6050109,11,Month-to-month,75.2,0,902.4000000000001
2792-LSHWX,0.6049977,1,Month-to-month,83.4,0,1000.8000000000001
0168-XZKBB,0.6047312,19,Month-to-month,86.85,0,1042.1999999999998
4547-KQRTM,0.6045019,10,Month-to-month,80.05,1,960.5999999999999
9208-OLGAQ,0.6040192,18,Month-to-month,84.95,0,1019.4000000000001
5712-PTIWW,0.6036398,2,Month-to-month,79.85,1,958.1999999999999
1478-VPOAD,0.6035139,1,Month-to-month,43.8,0,525.5999999999999
5183-SNMJQ,0.6024625,10,Month-to-month,95.1,0,1141.1999999999998
3254-YRILK,0.6022466,19,Month-to-month,88.2,1,1058.4
5380-WJKOV,0.60219646,34,Month-to-month,106.35,1,1276.1999999999998
1771-OADNZ,0.6019006,29,Month-to-month,95.9,1,1150.8000000000002
9408-SSNVZ,0.6015861,4,Month-to-month,70.15,1,841.8000000000001
3165-HDOEW,0.60152525,1,Month-to-month,45.85,1,550.2
2568-OIADY,0.601439,37,Month-to-month,99.5,1,1194.0
9576-ANLXO,0.60071534,3,Month-to-month,69.55,1,834.5999999999999
3565-UNOCC,0.60065675,29,Month-to-month,99.05,1,1188.6
4749-VFKVB,0.6004933,1,Month-to-month,50.1,1,601.2
4236-UJPWO,0.6004724,2,Month-to-month,24.5,0,294.0
0817-HSUSE,0.6004603,1,Month-to-month,75.5,0,906.0
8709-KRDVL,0.600339,33,Month-to-month,100.0,0,1200.0
8875-AKBYH,0.6001941,20,Month-to-month,84.35,0,1012.1999999999999
5366-IJEQJ,0.6001421,20,Month-to-month,88.7,1,1064.4
5590-BYNII,0.5996248,22,Month-to-month,100.75,1,1209.0
9436-ZBZCT,0.59962314,14,Month-to-month,89.95,1,1079.4
4598-XLKNJ,0.5994552,25,Month-to-month,98.5,1,1182.0
5630-IXDXV,0.5990398,47,Month-to-month,106.35,0,1276.1999999999998
8010-EZLOU,0.5983447,15,Month-to-month,80.2,1,962.4000000000001
5480-HPRRX,0.5981922,3,Month-to-month,25.3,1,303.6
5652-MSDEY,0.59763634,10,Month-to-month,75.75,0,909.0
0928-XUTSN,0.5972555,13,Month-to-month,80.5,0,966.0
3384-CTMSF,0.59689975,47,Month-to-month,104.1,0,1249.1999999999998
8417-FMLZI,0.59665823,6,Month-to-month,83.55,1,1002.5999999999999
2845-HSJCY,0.596302,14,Month-to-month,87.25,1,1047.0
6110-OHIHY,0.5962081,3,Month-to-month,79.25,1,951.0
6390-DSAZX,0.59606653,1,Month-to-month,73.6,1,883.1999999999999
3427-GGZZI,0.5960608,19,Month-to-month,89.1,0,1069.1999999999998
3211-AAPKX,0.5960171,20,Month-to-month,98.55,0,1182.6
6821-BUXUX,0.5959551,13,Month-to-month,96.65,1,1159.8000000000002
6376-GAHQE,0.5959045,4,Month-to-month,77.85,1,934.1999999999999
3908-BLSYF,0.59574306,6,Month-to-month,83.9,1,1006.8000000000001
6400-BWQKW,0.5956302,6,Month-to-month,79.05,1,948.5999999999999
0940-OUQEC,0.59527606,10,Month-to-month,80.7,1,968.4000000000001
9239-ZBZZV,0.5951238,6,Month-to-month,47.95,1,575.4000000000001
8868-WOZGU,0.5950562,28,Month-to-month,105.7,1,1268.4
0685-MLYYM,0.59469336,2,Month-to-month,70.75,1,849.0
5228-EXCET,0.5946118,13,Month-to-month,80.85,1,970.1999999999999
2538-OIMXF,0.59451836,1,Month-to-month,24.7,0,296.4
0506-LVNGN,0.5937372,5,Month-to-month,75.55,1,906.5999999999999
5701-YVSVF,0.59362376,11,Month-to-month,82.9,0,994.8000000000001
7598-UAASY,0.5936182,2,Month-to-month,76.4,1,916.8000000000001
8280-MQRQN,0.5935229,1,Month-to-month,50.45,1,605.4000000000001
2398-YPMUR,0.59323275,13,Month-to-month,70.15,1,841.8000000000001
6116-RFVHN,0.593163,34,Month-to-month,100.45,0,1205.4
4919-IKATY,0.592975,5,Month-to-month,84.5,1,1014.0
2472-OVKUP,0.5926251,6,Month-to-month,91.0,1,1092.0
1513-XNPPH,0.5925645,12,Month-to-month,89.4,1,1072.8000000000002
0727-IWKVK,0.5915264,9,Month-to-month,79.9,1,958.8000000000001
2568-BRGYX,0.59138626,4,Month-to-month,70.2,1,842.4000000000001
4636-QRJKY,0.5911183,6,Month-to-month,80.5,1,966.0
8650-RHRKE,0.59092575,4,Month-to-month,29.65,1,355.79999999999995
4690-PKDQG,0.59085345,42,Month-to-month,95.55,0,1146.6
1666-JXLKU,0.5905566,37,Month-to-month,100.05,0,1200.6
7065-YUNRY,0.5902785,1,Month-to-month,45.3,1,543.5999999999999
8337-MSSXB,0.58933514,14,Month-to-month,86.3,1,1035.6
4686-UXDML,0.5889219,21,Month-to-month,99.85,0,1198.1999999999998
4223-WOZCM,0.5887466,2,Month-to-month,49.95,0,599.4000000000001
8017-LXHFA,0.5884834,23,Month-to-month,94.75,1,1137.0
0396-YCHWO,0.58848155,36,Month-to-month,95.4,0,1144.8000000000002
8266-VBFQL,0.58838314,4,Month-to-month,90.4,0,1084.8000000000002
7675-OZCZG,0.58830047,3,Month-to-month,45.0,1,540.0
1309-BXVOQ,0.58828145,21,Month-to-month,106.1,1,1273.1999999999998
6519-CFDBX,0.58803105,2,Month-to-month,45.4,0,544.8
7853-OETYL,0.5877199,4,Month-to-month,29.05,0,348.6
8180-AKMJV,0.58742726,1,Month-to-month,44.55,0,534.5999999999999
5692-FPTAH,0.5873487,1,Month-to-month,45.4,1,544.8
2800-VEQXM,0.5873362,3,Month-to-month,74.75,0,897.0
9494-MRNYX,0.5873332,10,Month-to-month,75.05,0,900.5999999999999
3644-QXEHN,0.58726573,13,Month-to-month,97.0,0,1164.0
8739-WWKDU,0.5870455,25,Month-to-month,89.5,1,1074.0
5908-QMGOE,0.5868755,15,Month-to-month,74.2,1,890.4000000000001
9601-BRXPO,0.58685833,25,Month-to-month,104.95,1,1259.4
1918-ZBFQJ,0.5867763,13,Month-to-month,79.25,1,951.0
7831-QGOXH,0.5866241,18,Month-to-month,85.2,1,1022.4000000000001
2275-RBYQS,0.5866159,1,Month-to-month,45.4,0,544.8
2038-OEQZH,0.58649963,4,Month-to-month,86.05,0,1032.6
0225-ZORZP,0.58626455,3,Month-to-month,84.3,0,1011.5999999999999
4729-XKASR,0.5861211,1,Month-to-month,24.75,1,297.0
4817-QRJSX,0.5858914,10,Month-to-month,81.0,1,972.0
2408-WITXK,0.58558846,10,Month-to-month,34.7,1,416.40000000000003
6048-QBXKL,0.585542,2,Month-to-month,56.55,0,678.5999999999999
9907-SWKKF,0.58534914,1,Month-to-month,25.05,1,300.6
6212-ATMLK,0.5848872,50,Month-to-month,95.7,0,1148.4
9121-PHQSR,0.58447194,16,Month-to-month,85.05,0,1020.5999999999999
7517-LDMPS,0.58425236,12,Month-to-month,84.6,0,1015.1999999999999
9279-CJEOJ,0.5841422,21,Month-to-month,95.4,0,1144.8000000000002
0939-YAPAF,0.58413726,35,Month-to-month,100.25,1,1203.0
6899-PPEEA,0.583806,37,Month-to-month,96.55,1,1158.6
6918-UMQCG,0.5837533,5,Month-to-month,80.2,0,962.4000000000001
2809-ZMYOQ,0.5836181,32,Month-to-month,101.35,0,1216.1999999999998
0887-HJGAR,0.58343685,1,Month-to-month,45.7,1,548.4000000000001
4237-RLAQD,0.58343685,1,Month-to-month,45.85,1,550.2
2694-CIUMO,0.58291835,12,Month-to-month,79.55,0,954.5999999999999
5649-ANRML,0.5828505,2,Month-to-month,95.1,1,1141.1999999999998
2103-ZRXFN,0.58255875,1,Month-to-month,50.75,0,609.0
1660-HSOOQ,0.5824496,1,Month-to-month,49.65,1,595.8
1024-VRZHF,0.58235687,11,Month-to-month,74.95,1,899.4000000000001
1612-EOHDH,0.58126104,1,Month-to-month,45.15,1,541.8
0447-RXSGD,0.5812242,24,Month-to-month,99.65,0,1195.8000000000002
4441-NIHPT,0.58099395,13,Month-to-month,74.3,1,891.5999999999999
4137-BTIKL,0.5808846,2,Month-to-month,90.75,0,1089.0
1016-DJTSV,0.5807796,8,Month-to-month,69.7,0,836.4000000000001
0524-IAVZO,0.5804851,30,Month-to-month,85.0,1,1020.0
3538-WZPHD,0.57993823,3,Month-to-month,29.6,1,355.20000000000005
2058-DCJBE,0.5795525,5,Month-to-month,69.75,1,837.0
3995-WFCSM,0.5794156,2,Month-to-month,60.85,0,730.2
4846-WHAFZ,0.5794145,37,Month-to-month,76.5,1,918.0
4910-AQFFX,0.5785206,9,Month-to-month,79.35,1,952.1999999999999
4629-NRXKX,0.57823974,2,Month-to-month,70.4,1,844.8000000000001
7538-GWHML,0.5779398,2,Month-to-month,69.65,1,835.8000000000001
8873-GLDMH,0.57779634,6,Month-to-month,73.85,0,886.1999999999999
1766-GKNMI,0.5776682,29,Month-to-month,84.9,0,1018.8000000000001
9565-DJPIB,0.5772997,4,Month-to-month,89.6,1,1075.1999999999998
0388-EOPEX,0.5772971,2,Month-to-month,74.4,1,892.8000000000001
4030-VPZBD,0.57703555,2,Month-to-month,30.9,1,370.79999999999995
3588-WSTTJ,0.57691085,35,Month-to-month,99.05,0,1188.6
4317-VTEOA,0.57690656,1,Month-to-month,50.75,1,609.0
6876-ADESB,0.5761597,1,Month-to-month,48.95,1,587.4000000000001
3716-UVSPD,0.5760601,1,Month-to-month,49.3,0,591.5999999999999
8182-BJDSI,0.57597864,28,Month-to-month,89.95,1,1079.4
4480-QQRHC,0.5759494,8,Month-to-month,74.05,0,888.5999999999999
0581-BXBUB,0.57589567,4,Month-to-month,72.75,0,873.0
2656-FMOKZ,0.5748537,15,Month-to-month,74.45,1,893.4000000000001
8950-MTZNV,0.57468426,1,Month-to-month,44.95,0,539.4000000000001
2187-PKZAY,0.5743371,12,Month-to-month,79.95,0,959.4000000000001
5655-JSMZM,0.5742821,49,Month-to-month,96.2,1,1154.4
0196-JTUQI,0.57425857,9,Month-to-month,75.2,0,902.4000000000001
7714-YXSMB,0.5739831,26,Month-to-month,100.5,0,1206.0
6833-JMZYP,0.57358444,15,Month-to-month,94.0,0,1128.0
6100-QQHEB,0.5735753,17,Month-to-month,92.55,1,1110.6
9658-WYUFB,0.5734786,17,Month-to-month,94.4,1,1132.8000000000002
4537-DKTAL,0.5732801,2,Month-to-month,45.55,0,546.5999999999999
1268-ASBGA,0.5731386,16,Month-to-month,85.35,1,1024.1999999999998
4439-JMPMT,0.57296807,5,Month-to-month,85.75,1,1029.0
8818-DOPVL,0.5728643,46,Month-to-month,104.45,0,1253.4
0337-CNPZE,0.5728008,41,Month-to-month,106.3,1,1275.6
0115-TFERT,0.57275534,21,Month-to-month,111.2,1,1334.4
3703-KBKZP,0.5726951,16,Month-to-month,74.45,0,893.4000000000001
6088-BXMRG,0.57233393,32,Month-to-month,98.85,0,1186.1999999999998
4291-SHSBH,0.57222444,7,Month-to-month,69.55,0,834.5999999999999
0895-DQHEW,0.57154465,54,Month-to-month,104.3,1,1251.6
6330-JKLPC,0.5713501,11,Month-to-month,80.5,1,966.0
1867-BDVFH,0.5712686,11,Month-to-month,74.35,1,892.1999999999999
8993-PHFWD,0.5710873,3,Month-to-month,25.25,1,303.0
0529-ONKER,0.571061,15,Month-to-month,75.65,1,907.8000000000001
5692-ICXLW,0.570729,31,Month-to-month,90.7,0,1088.4
0952-KMEEH,0.570159,13,Month-to-month,98.15,1,1177.8000000000002
4062-HBMOS,0.5700805,52,Month-to-month,103.05,0,1236.6
5233-GEEAX,0.56991786,8,Month-to-month,29.4,1,352.79999999999995
9214-EKVXR,0.5698385,1,Month-to-month,44.0,0,528.0
6198-ZFIOJ,0.5697039,5,Month-to-month,75.6,0,907.1999999999999
4361-JEIVL,0.56943697,1,Month-to-month,44.4,1,532.8
0258-NOKBL,0.5690883,3,Month-to-month,90.4,0,1084.8000000000002
2057-ZBLPD,0.5690846,21,Month-to-month,86.5,1,1038.0
2853-CWQFQ,0.5690624,1,Month-to-month,59.55,0,714.5999999999999
4572-DVCGN,0.56905335,10,Month-to-month,80.25,1,963.0
0082-LDZUE,0.56892586,1,Month-to-month,44.3,0,531.5999999999999
7663-RGWBC,0.56892586,1,Month-to-month,44.15,1,529.8
3550-SAHFP,0.5689193,33,Month-to-month,83.35,1,1000.1999999999999
1536-HBSWP,0.568523,1,Month-to-month,49.9,0,598.8
4301-VVZKA,0.5683506,16,Month-to-month,75.4,0,904.8000000000001
8104-OSKWT,0.5679911,12,Month-to-month,79.8,0,957.5999999999999
0023-XUOPT,0.5676834,13,Month-to-month,94.1,1,1129.1999999999998
3097-NNSPB,0.56752765,2,Month-to-month,49.05,1,588.5999999999999
5522-JBWMO,0.56740713,1,Month-to-month,44.0,0,528.0
2049-BAFNW,0.56737995,1,Month-to-month,35.9,0,430.79999999999995
5949-XIKAE,0.5672061,8,Month-to-month,83.55,1,1002.5999999999999
3223-WZWJM,0.56719834,26,Month-to-month,83.95,1,1007.4000000000001
1251-KRREG,0.5671551,2,Month-to-month,54.4,1,652.8
6339-YPSAH,0.5667154,9,Month-to-month,73.8,0,885.5999999999999
1641-RQDAY,0.566355,32,Month-to-month,100.4,0,1204.8000000000002
6637-KYRCV,0.56589204,5,Month-to-month,30.5,0,366.0
2608-BHKFN,0.56583804,4,Month-to-month,70.05,1,840.5999999999999
7508-SMHXL,0.5658132,15,Month-to-month,89.0,0,1068.0
0637-YLETY,0.56563395,16,Month-to-month,95.6,1,1147.1999999999998
2933-FILNV,0.56553996,2,Month-to-month,24.4,1,292.79999999999995
0315-LVCRK,0.56542,11,Month-to-month,84.8,0,1017.5999999999999
0620-DLSLK,0.56529516,13,Month-to-month,81.9,0,982.8000000000001
5959-BELXA,0.5652322,32,Month-to-month,96.15,1,1153.8000000000002
2754-XBHTB,0.56505203,9,Month-to-month,77.65,1,931.8000000000001
5271-DBYSJ,0.56484824,11,Month-to-month,79.15,0,949.8000000000001
5405-ZMYXQ,0.5640179,8,Month-to-month,74.6,0,895.1999999999999
7279-BUYWN,0.56393045,41,Month-to-month,113.2,1,1358.4
8696-JKZNU,0.56354934,37,Month-to-month,76.25,1,915.0
2091-RFFBA,0.56352913,31,Month-to-month,73.9,1,886.8000000000001
8819-IMISP,0.5634523,31,Month-to-month,80.45,0,965.4000000000001
4289-DTDKW,0.5628073,40,Month-to-month,101.3,1,1215.6
8784-CGILN,0.5626181,18,Month-to-month,99.85,1,1198.1999999999998
5047-LHVLY,0.56250095,1,Month-to-month,50.15,1,601.8
5696-QURRL,0.562366,1,Month-to-month,45.05,1,540.5999999999999
3926-CUQZX,0.56232727,1,Month-to-month,45.1,1,541.2
4847-QNOKA,0.5615592,1,Month-to-month,44.9,1,538.8
4678-DVQEO,0.56138086,1,Month-to-month,52.2,1,626.4000000000001
8695-ARGXZ,0.5612452,34,Month-to-month,75.55,0,906.5999999999999
9743-DQKQW,0.561017,3,Month-to-month,25.1,0,301.20000000000005
8433-WXGNA,0.5609728,2,Month-to-month,75.7,1,908.4000000000001
9885-AIBVB,0.56070745,29,Month-to-month,85.8,0,1029.6
6595-YGXIT,0.5605254,25,Month-to-month,88.95,1,1067.4
5940-NFXKV,0.56033915,19,Month-to-month,83.65,1,1003.8000000000001
3934-HXCFZ,0.56028396,23,Month-to-month,99.25,1,1191.0
3672-YITQD,0.559927,36,Month-to-month,84.1,1,1009.1999999999999
8212-DJRCH,0.55964863,5,Month-to-month,90.35,0,1084.1999999999998
5934-RMPOV,0.55930376,22,Month-to-month,84.75,0,1017.0
9889-TMAHG,0.5588262,8,Month-to-month,100.3,1,1203.6
9637-EIHEQ,0.55873895,1,Month-to-month,50.8,1,609.5999999999999
1028-FFNJK,0.5586476,30,Month-to-month,101.5,0,1218.0
4983-CCWMC,0.5585632,3,Month-to-month,69.6,0,835.1999999999999
9054-FOWNV,0.5584876,22,Month-to-month,88.75,0,1065.0
4193-ORFCL,0.55841446,1,Month-to-month,45.1,1,541.2
2592-SEIFQ,0.55839336,3,Month-to-month,24.75,1,297.0
4195-NZGTA,0.5581923,1,Month-to-month,25.25,0,303.0
0674-DGMAQ,0.5581609,32,Month-to-month,93.5,0,1122.0
7841-TZDMQ,0.5573878,2,Month-to-month,46.0,1,552.0
2685-SREOM,0.55735135,25,Month-to-month,89.1,1,1069.1999999999998
6267-DCFFZ,0.5572497,30,Month-to-month,90.05,0,1080.6
7892-POOKP,0.5572409,28,Month-to-month,104.8,1,1257.6
3961-SXAXY,0.5567161,1,Month-to-month,44.05,0,528.5999999999999
8710-YGLWG,0.5566643,1,Month-to-month,44.9,0,538.8
9093-FPDLG,0.55646956,11,Month-to-month,94.2,0,1130.4
2903-YYTBW,0.55638844,1,Month-to-month,44.55,0,534.5999999999999
0302-JOIVN,0.55626506,8,Month-to-month,101.15,1,1213.8000000000002
7901-TBKJX,0.5561994,56,Month-to-month,101.05,0,1212.6
7861-UVUFT,0.55606955,15,Month-to-month,84.3,1,1011.5999999999999
3130-ICDUP,0.5557003,2,Month-to-month,80.55,0,966.5999999999999
6778-YSNIH,0.5554615,2,Month-to-month,59.0,0,708.0
4029-HPFVY,0.55541235,3,Month-to-month,70.3,0,843.5999999999999
7240-ETPTR,0.5551958,9,Month-to-month,48.75,1,585.0
8949-JTMAY,0.55516446,29,Month-to-month,98.6,1,1183.1999999999998
2080-GKCWQ,0.55477494,2,Month-to-month,74.95,0,899.4000000000001
3365-SAIGS,0.5547019,17,Month-to-month,83.55,0,1002.5999999999999
4423-YLHDV,0.55462635,21,Month-to-month,104.4,1,1252.8000000000002
6559-PDZLR,0.55447257,26,Month-to-month,98.65,0,1183.8000000000002
6379-RXJRQ,0.55445814,10,Month-to-month,70.1,1,841.1999999999999
2372-HWUHI,0.5542084,2,Month-to-month,44.35,1,532.2
3640-PHQXK,0.55382365,31,Month-to-month,89.9,1,1078.8000000000002
3488-PGMQJ,0.55378664,8,Month-to-month,74.5,1,894.0
7729-JTEEC,0.55373144,2,Month-to-month,44.5,0,534.0
3536-IQCTX,0.5533773,32,Month-to-month,85.3,1,1023.5999999999999
9506-UXUSK,0.5532532,13,Month-to-month,70.15,0,841.8000000000001
7534-BFESC,0.5527543,24,Month-to-month,76.1,1,913.1999999999999
3951-NJCVI,0.5527524,42,Month-to-month,95.05,0,1140.6
4128-ETESU,0.5526181,47,Month-to-month,99.7,0,1196.4
8617-ENBDS,0.5524278,3,Month-to-month,73.6,0,883.1999999999999
7056-IMHCC,0.5523036,53,Month-to-month,101.9,1,1222.8000000000002
9912-GVSEQ,0.552083,26,Month-to-month,93.85,1,1126.1999999999998
6712-OAWRH,0.5520293,26,Month-to-month,91.25,1,1095.0
4283-FUTGF,0.55175894,19,Month-to-month,79.85,1,958.1999999999999
9625-QSTYE,0.5515477,13,Month-to-month,81.15,1,973.8000000000001
6166-ILMNY,0.55098706,2,Month-to-month,69.75,1,837.0
7250-EQKIY,0.55096096,1,Month-to-month,50.45,1,605.4000000000001
3717-OEAUQ,0.55092067,2,Month-to-month,70.7,0,848.4000000000001
7137-RYLPP,0.55083257,37,Month-to-month,85.7,1,1028.4
0818-OCPZO,0.5508039,27,Month-to-month,81.45,1,977.4000000000001
6101-IMRMM,0.5507603,6,Month-to-month,94.5,1,1134.0
7928-VJYAB,0.55071473,11,Month-to-month,90.6,0,1087.1999999999998
2232-DMLXU,0.5503703,1,Month-to-month,55.2,1,662.4000000000001
0848-ZGQIJ,0.5503155,16,Month-to-month,94.65,0,1135.8000000000002
6331-EWIEB,0.55019075,20,Month-to-month,85.25,1,1023.0
3070-DVEYC,0.5500875,7,Month-to-month,73.75,1,885.0
0139-IVFJG,0.54997045,2,Month-to-month,90.35,0,1084.1999999999998
8481-YYXWG,0.5497608,5,Month-to-month,89.35,1,1072.1999999999998
5868-CZJDR,0.54966784,1,Month-to-month,31.35,1,376.20000000000005
7952-OBOYL,0.5496171,3,Month-to-month,89.85,0,1078.1999999999998
7321-PKUYW,0.549549,11,Month-to-month,90.15,1,1081.8000000000002
8922-LIEGH,0.54939723,25,Month-to-month,89.7,1,1076.4
5832-XKAES,0.5493537,2,Month-to-month,69.8,1,837.5999999999999
2860-RANUS,0.54909897,20,Month-to-month,85.8,1,1029.6
7786-WBJYI,0.5490983,4,Month-to-month,77.95,1,935.4000000000001
3318-OSATS,0.5490161,35,Month-to-month,95.45,1,1145.4
8642-GVWRF,0.54882187,2,Month-to-month,79.7,1,956.4000000000001
9773-PEQBZ,0.5484651,10,Month-to-month,79.85,0,958.1999999999999
7748-UMTRK,0.548256,30,Month-to-month,101.3,0,1215.6
2249-YPRNG,0.54772836,20,Month-to-month,105.85,1,1270.1999999999998
0576-WNXXC,0.54771066,27,Month-to-month,95.55,1,1146.6
5482-PLVPE,0.54769534,2,Month-to-month,24.35,1,292.20000000000005
5364-EVNIB,0.5472352,13,Month-to-month,79.8,1,957.5999999999999
8981-FJGLA,0.54634273,11,Month-to-month,78.0,0,936.0
1471-GIQKQ,0.54620177,1,Month-to-month,49.95,0,599.4000000000001
7852-LECYP,0.5461583,13,Month-to-month,93.8,0,1125.6
2528-HFYZX,0.54599726,17,Month-to-month,76.45,1,917.4000000000001
4959-JOSRX,0.5459681,2,Month-to-month,44.6,1,535.2
0378-NHQXU,0.5457359,17,Month-to-month,88.25,1,1059.0
2722-JMONI,0.54566693,1,Month-to-month,49.55,1,594.5999999999999
3453-RTHJQ,0.54539883,6,Month-to-month,69.1,0,829.1999999999999
5650-YLIBA,0.54539824,31,Month-to-month,81.15,0,973.8000000000001
1077-HUUJM,0.5453784,7,Month-to-month,71.05,0,852.5999999999999
6993-OHLXR,0.5453547,2,Month-to-month,68.95,1,827.4000000000001
3999-QGRJH,0.5452759,8,Month-to-month,69.7,1,836.4000000000001
9389-ACWBI,0.54523087,5,Month-to-month,69.95,0,839.4000000000001
9465-RWMXL,0.54466,32,Month-to-month,78.9,1,946.8000000000001
6242-MBHPK,0.5443706,23,Month-to-month,95.1,0,1141.1999999999998
3496-LFSZU,0.5442817,4,Month-to-month,70.5,0,846.0
9174-FKWZE,0.5440692,1,Month-to-month,19.45,1,233.39999999999998
8676-TRMJS,0.5438706,3,Month-to-month,75.0,1,900.0
2962-XPMCQ,0.5437829,2,Month-to-month,45.15,1,541.8
9283-LZQOH,0.5437594,13,Month-to-month,74.4,1,892.8000000000001
0378-TOVMS,0.5437185,3,Month-to-month,85.8,1,1029.6
4039-HEUNW,0.54351246,36,Month-to-month,96.5,1,1158.0
3346-BRMIS,0.5434468,18,Month-to-month,48.35,1,580.2
3315-TOTBP,0.5434083,15,Month-to-month,76.0,1,912.0
3420-ZDBMA,0.5433054,5,Month-to-month,71.45,0,857.4000000000001
4385-GZQXV,0.54323554,16,Month-to-month,94.45,1,1133.4
8486-AYEQH,0.54315984,31,Month-to-month,76.05,0,912.5999999999999
4299-SIMNS,0.54304296,9,Month-to-month,81.15,0,973.8000000000001
6347-DCUIK,0.54287004,10,Month-to-month,74.15,1,889.8000000000001
8676-OOQEJ,0.54263425,4,Month-to-month,30.5,0,366.0
6467-CHFZW,0.5424283,47,Month-to-month,99.35,1,1192.1999999999998
5976-JCJRH,0.54234457,10,Month-to-month,70.3,1,843.5999999999999
9492-TOKRI,0.5423386,18,Month-to-month,90.0,1,1080.0
2832-KJCRD,0.54227775,38,Month-to-month,103.65,0,1243.8000000000002
5857-TYBCJ,0.5418356,44,Month-to-month,89.2,0,1070.4
5899-MQZZL,0.54182583,13,Month-to-month,75.0,1,900.0
6198-RTPMF,0.5418146,17,Month-to-month,92.6,0,1111.1999999999998
2800-QQUSO,0.5411556,42,Month-to-month,100.3,0,1203.6
4536-PLEQY,0.5410255,12,Month-to-month,85.05,0,1020.5999999999999
4546-FOKWR,0.54100394,16,Month-to-month,74.75,0,897.0
6719-OXYBR,0.5407287,15,Month-to-month,85.3,0,1023.5999999999999
0772-GYEQQ,0.540686,3,Month-to-month,88.35,1,1060.1999999999998
3798-EPWRR,0.54063475,2,Month-to-month,43.95,0,527.4000000000001
0623-GDISB,0.5405742,1,Month-to-month,48.45,0,581.4000000000001
5219-YIPTK,0.5405544,33,Month-to-month,104.4,1,1252.8000000000002
6582-OIVSP,0.5405226,1,Month-to-month,45.3,0,543.5999999999999
8120-JDCAM,0.54040015,4,Month-to-month,69.55,0,834.5999999999999
9508-ILZDG,0.54037863,34,Month-to-month,96.35,0,1156.1999999999998
7278-CKDNC,0.5402712,24,Month-to-month,80.5,0,966.0
3223-DWFIO,0.5400007,4,Month-to-month,69.35,0,832.1999999999999
7422-WNBTY,0.5397868,33,Month-to-month,93.35,0,1120.1999999999998
2739-CACDQ,0.5397127,17,Month-to-month,82.65,0,991.8000000000001
7048-GXDAY,0.53948087,39,Month-to-month,106.4,0,1276.8000000000002
4919-MOAVT,0.5394218,3,Month-to-month,69.65,1,835.8000000000001
9801-GDWGV,0.5392228,39,Month-to-month,103.45,1,1241.4
8621-MNIHH,0.5386261,34,Month-to-month,94.25,1,1131.0
6366-ZGQGL,0.5384049,1,Month-to-month,24.8,1,297.6
6145-NNPNO,0.5381248,1,Month-to-month,44.15,0,529.8
0265-EDXBD,0.53790766,32,Month-to-month,74.9,1,898.8000000000001
5999-LCXAO,0.53746885,1,Month-to-month,29.9,0,358.79999999999995
6142-VSJQO,0.5374619,1,Month-to-month,44.35,1,532.2
0886-QGENL,0.53739196,27,Month-to-month,101.25,1,1215.0
1816-FLZDK,0.5372239,1,Month-to-month,29.15,0,349.79999999999995
7206-PQBBZ,0.53683674,11,Month-to-month,70.2,0,842.4000000000001
3545-CNWRG,0.5366627,49,Month-to-month,98.35,0,1180.1999999999998
0434-CSFON,0.5364016,47,Month-to-month,100.5,0,1206.0
5666-CYCYZ,0.5361001,24,Month-to-month,89.55,0,1074.6
8490-BXHEO,0.53593034,18,Month-to-month,80.55,0,966.5999999999999
5968-VXZLG,0.5358541,2,Month-to-month,46.6,0,559.2
6502-HCJTI,0.5357526,7,Month-to-month,94.7,1,1136.4
4763-PGDPO,0.535707,4,Month-to-month,70.4,1,844.8000000000001
4583-PARNH,0.5357058,16,Month-to-month,91.55,0,1098.6
8903-WMRNW,0.5356386,15,Month-to-month,101.75,0,1221.0
3627-FHKBK,0.5356132,1,Month-to-month,75.3,1,903.5999999999999
2482-CZGBB,0.53513104,10,Month-to-month,70.0,1,840.0
4741-WWJQZ,0.53502125,2,Month-to-month,80.15,0,961.8000000000001
7801-KICAO,0.53479224,18,Month-to-month,74.15,0,889.8000000000001
7142-HVGBG,0.5345629,43,Month-to-month,103.0,1,1236.0
2209-XADXF,0.5345107,1,Month-to-month,25.25,0,303.0
7794-JASDG,0.53443056,1,Month-to-month,50.75,0,609.0
4647-MUZON,0.53441,18,Month-to-month,95.95,0,1151.4
3597-MVHJT,0.53436863,27,Month-to-month,95.6,0,1147.1999999999998
9172-JITSM,0.5342001,26,Month-to-month,90.8,1,1089.6
7240-FQLHE,0.53396213,18,Month-to-month,99.75,1,1197.0
1932-UEDCX,0.5338589,33,Month-to-month,100.6,0,1207.1999999999998
1907-UBQFC,0.533519,10,Month-to-month,72.85,1,874.1999999999999
9947-OTFQU,0.53340054,15,Month-to-month,74.4,1,892.8000000000001
1212-GLHMD,0.5333937,3,Month-to-month,86.05,0,1032.6
4412-YLTKF,0.5330385,27,Month-to-month,78.05,1,936.5999999999999
1522-VVDMG,0.532953,7,Month-to-month,89.75,1,1077.0
4124-MMETB,0.5326193,22,Month-to-month,94.65,1,1135.8000000000002
3799-ISUZQ,0.53239405,7,Month-to-month,69.95,1,839.4000000000001
9851-QXEEQ,0.53239083,41,Month-to-month,104.7,1,1256.4
2815-CPTUL,0.53206104,5,Month-to-month,70.25,1,843.0
5130-IEKQT,0.5318108,25,Month-to-month,105.95,1,1271.4
2397-BRLOM,0.5308379,8,Month-to-month,80.45,1,965.4000000000001
4505-EXZHB,0.53042835,6,Month-to-month,74.4,1,892.8000000000001
8393-DLHGA,0.530003,25,Month-to-month,95.9,1,1150.8000000000002
4484-GLZOU,0.5296744,52,Month-to-month,105.05,1,1260.6
0148-DCDOS,0.5294258,25,Month-to-month,94.7,1,1136.4
5552-ZNFSJ,0.52942085,1,Month-to-month,45.3,1,543.5999999999999
1963-SVUCV,0.52942085,1,Month-to-month,45.3,1,543.5999999999999
0749-IRGQE,0.5294053,13,Month-to-month,45.3,0,543.5999999999999
6651-AZVTJ,0.5293457,49,Month-to-month,99.8,1,1197.6
3278-FSIXX,0.5293305,2,Month-to-month,45.25,0,543.0
1792-UXAFY,0.5291327,17,Month-to-month,89.15,1,1069.8000000000002
7018-WBJNK,0.5287812,13,Month-to-month,78.3,0,939.5999999999999
2082-OJVTK,0.5287489,29,Month-to-month,89.2,1,1070.4
9643-AVVWI,0.52846694,3,Month-to-month,80.0,0,960.0
9420-LOJKX,0.5283739,15,Month-to-month,99.1,1,1189.1999999999998
6175-IRFIT,0.52825665,5,Month-to-month,78.75,0,945.0
3990-QYKBE,0.52799916,37,Month-to-month,92.5,1,1110.0
2582-FFFZR,0.52784294,22,Month-to-month,50.6,0,607.2
2277-VWCNI,0.5277471,4,Month-to-month,48.75,0,585.0
5364-XYIRR,0.5273261,51,Month-to-month,94.65,1,1135.8000000000002
0654-HMSHN,0.52728325,21,Month-to-month,104.4,1,1252.8000000000002
4512-ZUIYL,0.5271911,2,Month-to-month,70.0,1,840.0
8429-XIBUM,0.5270809,22,Month-to-month,101.35,1,1216.1999999999998
7054-LGEQW,0.52699757,1,Month-to-month,45.95,1,551.4000000000001
6907-FLBER,0.5268452,1,Month-to-month,54.3,0,651.5999999999999
8854-CCVSQ,0.52661043,18,Month-to-month,80.65,1,967.8000000000001
7881-EVUAD,0.5259941,2,Month-to-month,42.6,1,511.20000000000005
9600-NAXZN,0.5258717,43,Month-to-month,101.4,1,1216.8000000000002
1928-BXYIV,0.5256174,1,Month-to-month,61.15,0,733.8
1723-HKXJQ,0.5249064,42,Month-to-month,101.75,1,1221.0
6103-BOCOU,0.52489364,26,Month-to-month,80.7,0,968.4000000000001
7825-ECJRF,0.52481264,19,Month-to-month,106.6,1,1279.1999999999998
0147-ESWWR,0.5248093,39,Month-to-month,101.25,0,1215.0
1845-ZLLIG,0.5243499,1,Month-to-month,50.15,0,601.8
6705-LXORM,0.52429086,5,Month-to-month,70.05,0,840.5999999999999
7734-DBOAI,0.5241135,1,Month-to-month,40.1,1,481.20000000000005
1112-CUNAO,0.5238014,15,Month-to-month,89.85,1,1078.1999999999998
8260-NGFNY,0.5236542,1,Month-to-month,25.2,1,302.4
5759-RCVCB,0.5236512,3,Month-to-month,35.2,1,422.40000000000003
8878-HMWBV,0.52277863,3,Month-to-month,49.15,1,589.8
2587-EKXTS,0.5221883,44,Month-to-month,111.5,0,1338.0
3269-ATYWD,0.5221668,39,Month-to-month,95.65,1,1147.8000000000002
9090-SGQXL,0.5221425,68,Month-to-month,105.3,1,1263.6
2842-JTCCU,0.52207315,2,Month-to-month,46.05,1,552.5999999999999
2951-QOQTK,0.5219738,4,Month-to-month,80.8,1,969.5999999999999
8270-RKSAP,0.5219298,9,Month-to-month,70.5,0,846.0
6402-ZFPPI,0.52172667,25,Month-to-month,102.8,1,1233.6
1989-PRJHP,0.5213332,27,Month-to-month,75.5,1,906.0
8128-YVJRG,0.5208494,7,Month-to-month,79.65,1,955.8000000000001
6595-COKXZ,0.5206094,1,Month-to-month,44.45,1,533.4000000000001
9274-UARKJ,0.5201122,15,Month-to-month,83.2,0,998.4000000000001
3744-ZRRDZ,0.51922745,21,Month-to-month,82.35,1,988.1999999999999
8637-XJIVR,0.5190765,12,Month-to-month,78.95,1,947.4000000000001
5365-LLFYV,0.51896477,2,Month-to-month,45.85,0,550.2
6298-QDFNH,0.5185118,22,Month-to-month,79.35,1,952.1999999999999
1730-ZMAME,0.51829004,32,Month-to-month,79.5,0,954.0
0491-KAPQG,0.51812595,21,Month-to-month,73.7,0,884.4000000000001
5747-PMBSQ,0.5178616,10,Month-to-month,92.5,1,1110.0
9903-LYSAB,0.51769626,18,Month-to-month,73.15,0,877.8000000000001
8063-RJYNF,0.5174726,16,Month-to-month,94.25,1,1131.0
7802-EFKNY,0.5174669,5,Month-to-month,24.95,1,299.4
6906-ANDWJ,0.51661944,15,Month-to-month,74.9,1,898.8000000000001
2831-EBWRN,0.5163038,4,Month-to-month,45.9,0,550.8
7326-RIGQZ,0.5161862,6,Month-to-month,69.8,0,837.5999999999999
5605-IYGFG,0.51618314,7,Month-to-month,69.85,0,838.1999999999999
4373-MAVJG,0.5157881,14,Month-to-month,90.9,1,1090.8000000000002
5899-OUVKV,0.51546776,31,Month-to-month,94.5,0,1134.0
4803-AXVYP,0.51509595,38,Month-to-month,99.55,1,1194.6
9992-RRAMN,0.5148398,22,Month-to-month,85.1,1,1021.1999999999999
5022-KVDQT,0.51474917,27,Month-to-month,81.3,0,975.5999999999999
3703-VAVCL,0.5146193,2,Month-to-month,90.0,1,1080.0
0322-CHQRU,0.5144392,2,Month-to-month,45.35,1,544.2
7480-QNVZJ,0.5143636,50,Month-to-month,95.7,1,1148.4
8167-GJLRN,0.51392645,3,Month-to-month,30.4,0,364.79999999999995
5569-OUICF,0.5137833,28,Month-to-month,101.3,1,1215.6
0125-LZQXK,0.51360875,15,Month-to-month,101.35,1,1216.1999999999998
5606-AMZBO,0.5135712,10,Month-to-month,78.15,0,937.8000000000001
5543-QDCRY,0.51327026,4,Month-to-month,56.4,0,676.8
6994-KERXL,0.51315093,4,Month-to-month,55.9,0,670.8
3753-TSEMP,0.512886,15,Month-to-month,88.15,1,1057.8000000000002
5896-NPFWW,0.512882,3,Month-to-month,50.15,1,601.8
4325-NFSKC,0.51285154,19,Month-to-month,90.6,1,1087.1999999999998
3143-JQEGI,0.51271516,13,Month-to-month,88.35,1,1060.1999999999998
9692-TUSXH,0.5125088,18,Month-to-month,96.05,1,1152.6
5027-QPKTE,0.51244843,7,Month-to-month,69.35,1,832.1999999999999
6661-HBGWL,0.51216465,42,Month-to-month,104.75,1,1257.0
5879-SESNB,0.512143,11,Month-to-month,75.25,0,903.0
3671-SHRSP,0.51200074,4,Month-to-month,80.6,1,967.1999999999999
3677-TNKIO,0.51160717,14,Month-to-month,71.0,1,852.0
2672-OJQZP,0.5113773,1,Month-to-month,44.75,0,537.0
6907-NZZIJ,0.5111191,36,Month-to-month,99.15,1,1189.8000000000002
5889-JTMUL,0.511009,50,Month-to-month,95.05,1,1140.6
5480-TBGPH,0.51090217,24,Month-to-month,99.3,1,1191.6
4521-YEEHE,0.510848,18,Month-to-month,88.85,0,1066.1999999999998
3669-OYSJI,0.5105195,1,Month-to-month,46.2,1,554.4000000000001
5331-RGMTT,0.5101565,54,Month-to-month,99.05,0,1188.6
9708-HPXWZ,0.50980407,5,Month-to-month,45.4,0,544.8
6204-IEUXJ,0.509782,3,Month-to-month,80.1,1,961.1999999999999
5153-RTHKF,0.5096009,34,Month-to-month,85.35,0,1024.1999999999998
4484-CGXFK,0.5090212,3,Month-to-month,55.3,1,663.5999999999999
9505-SQFSW,0.5088567,3,Month-to-month,40.3,0,483.59999999999997
3439-GVUSX,0.50848573,1,Month-to-month,24.4,0,292.79999999999995
5760-FXFVO,0.50820345,6,Month-to-month,78.95,0,947.4000000000001
4154-AQUGT,0.5080965,13,Month-to-month,89.05,1,1068.6
5019-GQVCR,0.5078516,43,Month-to-month,84.85,0,1018.1999999999999
5339-PXDVH,0.50781727,4,Month-to-month,90.65,0,1087.8000000000002
5351-QESIO,0.50771964,1,Month-to-month,24.2,0,290.4
9398-MMQTO,0.5074521,3,Month-to-month,74.45,0,893.4000000000001
2692-PFYTJ,0.50684893,1,Month-to-month,25.75,0,309.0
4818-QIUFN,0.5066324,20,Month-to-month,79.15,1,949.8000000000001
1597-LHYNC,0.50647706,26,Month-to-month,95.0,1,1140.0
2325-NBPZG,0.5063241,3,Month-to-month,74.55,0,894.5999999999999
8276-MQBYC,0.50596184,51,Month-to-month,97.8,1,1173.6
3658-KIBGF,0.5058513,1,Month-to-month,54.9,1,658.8
2359-KMGLI,0.50569594,24,Month-to-month,80.25,1,963.0
7410-YTJIK,0.5053111,7,Month-to-month,75.45,1,905.4000000000001
2626-URJFX,0.50483394,4,Month-to-month,50.9,1,610.8
1589-AGTLK,0.5045891,3,Month-to-month,45.35,1,544.2
3096-IZETN,0.5044192,12,Month-to-month,78.1,1,937.1999999999999
1196-AMORA,0.50395006,7,Month-to-month,73.6,1,883.1999999999999
7825-GKXMW,0.5038828,1,Month-to-month,45.8,1,549.5999999999999
9821-POOTN,0.5036008,35,Month-to-month,75.2,1,902.4000000000001
5028-GZLDO,0.5033344,2,Month-to-month,70.7,1,848.4000000000001
2697-NQBPF,0.502631,34,Month-to-month,105.35,0,1264.1999999999998
1104-TNLZA,0.5025296,28,Month-to-month,105.8,0,1269.6
6352-TWCAU,0.50249684,35,Month-to-month,86.45,1,1037.4
8073-IJDCM,0.5022675,1,Month-to-month,20.3,1,243.60000000000002
9620-ENEJV,0.5019947,6,Month-to-month,70.55,0,846.5999999999999
5669-SRAIP,0.50169015,5,Month-to-month,39.5,1,474.0
9129-UXERG,0.5011232,18,Month-to-month,103.6,0,1243.1999999999998
7284-BUYEC,0.501003,5,Month-to-month,50.95,0,611.4000000000001
1469-LBJQJ,0.5008224,66,Month-to-month,105.2,0,1262.4
1891-UAWWU,0.5006432,20,Month-to-month,90.8,1,1089.6
2824-MYYBN,0.5001625,37,Month-to-month,95.25,0,1143.0
3737-GCSPV,0.50015604,11,Month-to-month,96.2,1,1154.4
6900-PXRMS,0.50004226,26,Month-to-month,105.75,1,1269.0
8654-DHAOW,0.5000329,2,Month-to-month,54.15,0,649.8
8020-BWHYL,0.49991181,15,Month-to-month,75.3,1,903.5999999999999
5233-AOZUF,0.49976492,29,Month-to-month,74.95,0,899.4000000000001
4671-LXRDQ,0.4995955,2,Month-to-month,45.0,1,540.0
6982-UQZLY,0.49953812,1,Month-to-month,20.85,1,250.20000000000002
7020-OZKXZ,0.49909338,9,Month-to-month,75.5,0,906.0
5914-DVBWJ,0.49888644,18,Month-to-month,85.45,1,1025.4
0265-PSUAE,0.49873683,16,Month-to-month,100.7,0,1208.4
1895-QTKDO,0.49862963,1,Month-to-month,43.95,0,527.4000000000001
4998-IKFSE,0.4983782,30,Month-to-month,100.45,0,1205.4
8938-UMKPI,0.4982335,47,Month-to-month,106.4,1,1276.8000000000002
2786-GCDPI,0.49806768,50,Month-to-month,104.95,0,1259.4
3088-LHEFH,0.49801248,11,Month-to-month,79.0,0,948.0
4077-CROMM,0.49779922,31,Month-to-month,104.2,1,1250.4
8066-POXGX,0.49732786,13,Month-to-month,35.1,1,421.20000000000005
5442-XSDCW,0.49685097,11,Month-to-month,79.5,1,954.0
5651-YLPRD,0.4966104,32,Month-to-month,86.1,0,1033.1999999999998
2504-DSHIH,0.49659467,23,Month-to-month,86.8,0,1041.6
0027-KWYKW,0.4964806,23,Month-to-month,83.75,0,1005.0
4873-ILOLJ,0.49647892,24,Month-to-month,90.35,1,1084.1999999999998
2774-LVQUS,0.4964387,15,Month-to-month,83.05,1,996.5999999999999
6128-AQBMT,0.49631977,41,Month-to-month,53.95,0,647.4000000000001
0032-PGELS,0.49616888,1,Month-to-month,30.5,1,366.0
5207-PLSTK,0.49615818,1,Month-to-month,48.75,0,585.0
4716-HHKQH,0.49569783,20,Month-to-month,107.05,0,1284.6
3167-SNQPL,0.4955862,38,Month-to-month,101.15,0,1213.8000000000002
1262-OPMFY,0.49557722,9,Month-to-month,75.75,1,909.0
0112-QAWRZ,0.49522978,16,Month-to-month,90.8,0,1089.6
6518-LGAOV,0.49522346,38,Month-to-month,105.0,1,1260.0
3932-CMDTD,0.4949689,4,One year,105.65,1,1267.8000000000002
9190-MFJLN,0.49426678,19,Month-to-month,95.9,1,1150.8000000000002
2575-GFSOE,0.4941264,7,Month-to-month,69.0,1,828.0
6178-KFNHS,0.49373272,12,Month-to-month,78.3,1,939.5999999999999
5600-KTXFM,0.4936027,2,Month-to-month,69.95,0,839.4000000000001
1230-QAJDW,0.4935184,3,Month-to-month,65.25,0,783.0
4662-EKDPQ,0.49338356,2,Month-to-month,62.05,1,744.5999999999999
3884-HCSWG,0.49323004,17,Month-to-month,70.0,1,840.0
2603-HVKCG,0.4930885,31,Month-to-month,101.4,0,1216.8000000000002
5989-PGKJB,0.49284104,16,Month-to-month,86.25,0,1035.0
7587-RZNME,0.49246803,3,Month-to-month,43.3,1,519.5999999999999
0330-IVZHA,0.49245277,5,Month-to-month,69.95,1,839.4000000000001
0946-CLJTI,0.49231857,58,Month-to-month,98.7,1,1184.4
9851-KIELU,0.49228072,10,Month-to-month,110.1,1,1321.1999999999998
6982-SSHFK,0.49207032,1,Month-to-month,44.4,1,532.8
8896-BQTTI,0.4920021,1,Month-to-month,25.0,0,300.0
9432-VOFYX,0.4918008,17,Month-to-month,70.8,0,849.5999999999999
9560-ARGQJ,0.4917567,16,Month-to-month,81.0,1,972.0
6034-YMTOB,0.49170145,5,Month-to-month,75.65,0,907.8000000000001
4822-YCXMX,0.4910403,25,Month-to-month,84.8,1,1017.5999999999999
4184-TJFAN,0.49033844,3,Month-to-month,88.3,1,1059.6
8436-BJUMM,0.49015743,26,Month-to-month,83.75,1,1005.0
5673-TIYIB,0.49015638,2,Month-to-month,40.4,1,484.79999999999995
2675-DHUTR,0.4897776,58,Month-to-month,98.9,0,1186.8000000000002
0374-IOEGQ,0.48958254,3,Month-to-month,44.6,0,535.2
0354-WYROK,0.4895387,31,Month-to-month,98.9,1,1186.8000000000002
2506-CLAKW,0.4894345,6,Month-to-month,98.15,1,1177.8000000000002
8378-LKJAF,0.48923135,38,Month-to-month,101.15,0,1213.8000000000002
7586-ZATGZ,0.48898864,40,Month-to-month,84.9,0,1018.8000000000001
9490-DFPMD,0.48891994,42,Month-to-month,84.65,1,1015.8000000000001
9450-TRJUU,0.48883125,35,Month-to-month,83.15,0,997.8000000000001
9191-MYQKX,0.48873696,7,Month-to-month,75.15,1,901.8000000000001
2916-BQZLN,0.4886539,19,Month-to-month,84.75,0,1017.0
4257-GAESD,0.48799336,6,Month-to-month,45.0,0,540.0
4398-HSCJH,0.48753414,3,Month-to-month,63.6,1,763.2
1346-UFHAX,0.48741454,13,Month-to-month,80.0,0,960.0
6507-ZJSUR,0.48719466,23,Month-to-month,90.45,0,1085.4
9732-KPKBW,0.48619443,1,Month-to-month,53.95,1,647.4000000000001
6692-UDPJC,0.4861578,14,Month-to-month,91.65,1,1099.8000000000002
4661-NJEUX,0.48611727,1,Month-to-month,20.05,0,240.60000000000002
5307-DZCVC,0.4860655,32,Month-to-month,85.95,1,1031.4
2108-XWMPY,0.48571596,3,Month-to-month,35.45,1,425.40000000000003
5103-MHMHY,0.4855458,1,Month-to-month,45.95,1,551.4000000000001
3196-NVXLZ,0.48537454,25,Month-to-month,84.6,0,1015.1999999999999
3524-WQDSG,0.48498428,43,Month-to-month,99.3,0,1191.6
0650-BWOZN,0.4844969,18,Month-to-month,73.55,0,882.5999999999999
2362-IBOOY,0.48370463,36,Month-to-month,84.75,1,1017.0
3002-WQZWT,0.48360655,29,Month-to-month,74.2,0,890.4000000000001
7252-NTGSS,0.48312676,1,Month-to-month,45.15,0,541.8
7754-IXRMC,0.48312676,1,Month-to-month,45.35,0,544.2
4971-PUYQO,0.48248413,27,Month-to-month,94.55,1,1134.6
4612-SSVHJ,0.482031,20,Month-to-month,81.45,0,977.4000000000001
8404-GFGCZ,0.48196596,4,Month-to-month,65.6,0,787.1999999999999
6032-KRXXO,0.4818785,30,Month-to-month,90.25,1,1083.0
7339-POGZN,0.48137355,4,Month-to-month,50.7,0,608.4000000000001
2718-GAXQD,0.48123702,4,Month-to-month,46.0,1,552.0
3312-ZWLGF,0.48123574,29,Month-to-month,79.3,0,951.5999999999999
3001-CBHLQ,0.48116612,32,Month-to-month,104.9,1,1258.8000000000002
0133-BMFZO,0.4811382,2,Month-to-month,86.25,1,1035.0
1541-ETJZO,0.48099542,1,Month-to-month,62.05,1,744.5999999999999
1428-GTBJJ,0.48096177,11,Month-to-month,74.55,1,894.5999999999999
6362-QHAFM,0.4805912,42,One year,108.3,0,1299.6
9779-DPNEJ,0.48057485,22,Month-to-month,80.15,0,961.8000000000001
2692-BUCFV,0.48046347,29,Month-to-month,101.45,0,1217.4
9631-XEYKE,0.48028743,3,Month-to-month,50.4,0,604.8
9524-EGPJC,0.47988248,18,Month-to-month,90.1,1,1081.1999999999998
3946-MHCZW,0.4795252,1,Month-to-month,50.9,1,610.8
1092-GANHU,0.47932833,17,Month-to-month,76.65,1,919.8000000000001
1013-QCWAM,0.47928444,66,Month-to-month,100.8,0,1209.6
7359-PTSXY,0.47916192,1,Month-to-month,45.75,1,549.0
2378-VTKDH,0.4790814,65,Month-to-month,104.35,0,1252.1999999999998
4902-OHLSK,0.4789255,29,Month-to-month,98.65,1,1183.8000000000002
1658-TJVOA,0.47883332,6,Month-to-month,74.1,0,889.1999999999999
6078-VESFR,0.47881958,13,Month-to-month,70.45,0,845.4000000000001
0093-XWZFY,0.47862262,40,Month-to-month,104.5,1,1254.0
8757-TFHHJ,0.47851598,1,Month-to-month,49.8,0,597.5999999999999
5931-FLJJF,0.47810334,7,Month-to-month,70.1,1,841.1999999999999
5980-NOPLP,0.47802237,44,Month-to-month,96.1,1,1153.1999999999998
1728-BQDMA,0.47801712,2,Month-to-month,44.45,0,533.4000000000001
9415-DPEWS,0.47769028,18,Month-to-month,88.35,1,1060.1999999999998
6319-IEJWJ,0.47695434,20,Month-to-month,90.2,1,1082.4
7404-JLKQG,0.47689426,3,Month-to-month,57.55,0,690.5999999999999
4369-HTUIF,0.4766363,6,Month-to-month,85.15,1,1021.8000000000001
3312-UUMZW,0.47652376,32,Month-to-month,98.85,0,1186.1999999999998
0899-LIIBW,0.47610834,34,Month-to-month,100.85,0,1210.1999999999998
9048-JVYVF,0.47561395,3,Month-to-month,69.35,1,832.1999999999999
5226-NOZFC,0.47561052,26,Month-to-month,85.75,0,1029.0
9944-AEXBM,0.4756055,32,Month-to-month,85.65,0,1027.8000000000002
2207-NHRJK,0.47553486,1,Month-to-month,50.8,1,609.5999999999999
3627-FCRDW,0.47544715,9,Month-to-month,71.0,1,852.0
1335-NTIUC,0.4749692,9,Month-to-month,24.95,0,299.4
9278-VZKCD,0.47486296,52,Month-to-month,109.1,0,1309.1999999999998
2921-XWDJH,0.4744752,38,Month-to-month,83.45,0,1001.4000000000001
3665-JATSN,0.47436023,19,Month-to-month,39.7,0,476.40000000000003
6311-UEUME,0.47409937,29,Month-to-month,78.9,1,946.8000000000001
3085-QUOZK,0.4739481,1,Month-to-month,43.95,1,527.4000000000001
8543-MSDMF,0.47385064,3,Month-to-month,77.4,0,928.8000000000001
8802-UNOJF,0.47373942,12,Month-to-month,83.8,1,1005.5999999999999
4391-RESHN,0.47344124,23,Month-to-month,104.05,1,1248.6
1482-OXZSY,0.47315496,30,Month-to-month,100.4,0,1204.8000000000002
3234-VKACU,0.4728562,2,Month-to-month,70.3,0,843.5999999999999
8286-AFUYI,0.47271717,1,Month-to-month,47.95,0,575.4000000000001
9369-XFEHK,0.47234413,33,Month-to-month,80.6,1,967.1999999999999
2840-XANRC,0.47232974,24,Month-to-month,93.15,1,1117.8000000000002
8785-CJSHH,0.4722591,60,Month-to-month,99.8,0,1197.6
0362-ZBZWJ,0.47201383,36,Month-to-month,84.9,1,1018.8000000000001
0067-DKWBL,0.47173762,2,Month-to-month,49.25,1,591.0
4828-FAZPK,0.47161222,16,Month-to-month,79.95,0,959.4000000000001
6888-SBYAI,0.47156376,1,Month-to-month,50.7,0,608.4000000000001
4065-JJAVA,0.47130442,1,Month-to-month,49.5,0,594.0
4547-LYTDD,0.47104093,16,Month-to-month,72.65,1,871.8000000000001
6394-MFYNG,0.47103363,48,Month-to-month,107.4,1,1288.8000000000002
6693-FRIRW,0.4709411,18,Month-to-month,101.3,0,1215.6
2507-QZPQS,0.47048604,15,Month-to-month,95.7,0,1148.4
3853-LYGAM,0.4704568,17,Month-to-month,95.65,0,1147.8000000000002
0207-MDKNV,0.47035003,15,Month-to-month,105.1,1,1261.1999999999998
0141-YEAYS,0.47018394,27,Month-to-month,86.45,0,1037.4
4881-JVQOD,0.46996024,10,Month-to-month,34.55,0,414.59999999999997
2369-FEVNO,0.46994013,1,Month-to-month,19.9,0,238.79999999999998
2344-JMOGN,0.46949515,9,Month-to-month,94.85,1,1138.1999999999998
6413-XKKPU,0.46946463,17,Month-to-month,89.4,1,1072.8000000000002
3771-PZOBW,0.46937945,20,Month-to-month,90.7,0,1088.4
9992-UJOEL,0.4689359,2,Month-to-month,50.3,0,603.5999999999999
8837-VVWLQ,0.46864805,8,Month-to-month,84.95,1,1019.4000000000001
4587-NUKOX,0.46864685,3,Month-to-month,79.1,1,949.1999999999999
5144-TVGLP,0.46850666,38,Month-to-month,94.75,0,1137.0
1343-EHPYB,0.46826032,63,Month-to-month,103.4,1,1240.8000000000002
2227-JRSJX,0.46813807,21,Month-to-month,99.15,0,1189.8000000000002
8059-UDZFY,0.46781036,33,Month-to-month,105.35,0,1264.1999999999998
8610-WFCJF,0.4676577,49,Month-to-month,95.6,1,1147.1999999999998
4176-FXYBO,0.46745306,54,Month-to-month,109.55,0,1314.6
3755-JBMNH,0.46744218,16,Month-to-month,71.8,1,861.5999999999999
4800-VHZKI,0.46671143,1,Month-to-month,19.9,1,238.79999999999998
0320-JDNQG,0.4666266,23,Month-to-month,99.85,1,1198.1999999999998
1777-JYQPJ,0.4663224,2,Month-to-month,24.3,0,291.6
9763-PDTKK,0.46610343,4,Month-to-month,94.4,1,1132.8000000000002
6770-XUAGN,0.46607584,1,Month-to-month,21.0,1,252.0
7501-VTYLJ,0.46587694,2,Month-to-month,51.55,0,618.5999999999999
4550-VBOFE,0.46584067,70,Month-to-month,102.95,1,1235.4
3647-GMGDH,0.46579337,22,Month-to-month,94.7,1,1136.4
9286-DOJGF,0.46568814,38,Month-to-month,74.95,1,899.4000000000001
3914-FDRHP,0.46529087,9,Month-to-month,86.25,0,1035.0
0415-MOSGF,0.46522078,1,Month-to-month,44.4,1,532.8
5373-SFODM,0.46457618,36,Month-to-month,85.25,1,1023.0
3415-TAILE,0.46451002,2,Month-to-month,65.7,1,788.4000000000001
5453-AXEPF,0.46425208,17,Month-to-month,80.5,0,966.0
9940-HPQPG,0.464189,9,Month-to-month,91.75,1,1101.0
1580-BMCMR,0.46393052,19,Month-to-month,87.3,0,1047.6
8993-IZEUX,0.46389875,7,Month-to-month,69.15,0,829.8000000000001
9796-BPKIW,0.4638654,8,Month-to-month,69.95,0,839.4000000000001
2956-GGUCQ,0.46364272,24,Month-to-month,78.85,1,946.1999999999999
5385-SUIRI,0.46356016,52,Month-to-month,104.2,1,1250.4
5356-CSVSQ,0.46342295,3,Month-to-month,64.6,0,775.1999999999999
3071-VBYPO,0.46326706,3,Month-to-month,89.85,0,1078.1999999999998
4183-MYFRB,0.46313435,21,Month-to-month,90.05,0,1080.6
3866-MDTUB,0.46301258,2,Month-to-month,70.75,1,849.0
2309-OSFEU,0.4629406,10,Month-to-month,33.9,1,406.79999999999995
7851-FLGGQ,0.4627481,1,Month-to-month,44.65,1,535.8
4446-BZKHU,0.46272385,61,Month-to-month,105.55,1,1266.6
1608-GMEWB,0.46263444,45,Month-to-month,93.9,0,1126.8000000000002
0958-YHXGP,0.46248692,7,Month-to-month,69.9,0,838.8000000000001
3336-JORSO,0.46225366,33,Month-to-month,110.45,1,1325.4
5950-AAAGJ,0.4622127,18,Month-to-month,84.3,0,1011.5999999999999
9108-EJFJP,0.46180326,1,Month-to-month,53.55,0,642.5999999999999
7410-OIEDU,0.46157295,10,Month-to-month,79.85,0,958.1999999999999
8714-EUHJO,0.4613746,31,Month-to-month,91.15,1,1093.8000000000002
1942-OQFRW,0.46135446,1,Month-to-month,44.0,0,528.0
7603-USHJS,0.46120375,12,Month-to-month,73.75,1,885.0
3714-NTNFO,0.46106762,49,Month-to-month,84.5,0,1014.0
2038-LLMLM,0.46102145,48,Month-to-month,103.85,0,1246.1999999999998
4948-WBBKL,0.46086138,36,Month-to-month,74.9,0,898.8000000000001
7318-EIVKO,0.4604621,8,Month-to-month,59.25,0,711.0
8631-WUXGY,0.46043217,46,Month-to-month,99.8,0,1197.6
2208-UGTGR,0.46032533,56,Month-to-month,98.6,0,1183.1999999999998
1098-TDVUQ,0.45987508,1,Month-to-month,19.25,0,231.0
7641-EUYET,0.45986173,46,Month-to-month,100.7,1,1208.4
7901-HXJVA,0.45985946,14,Month-to-month,76.45,0,917.4000000000001
2519-FAKOD,0.45971173,38,Month-to-month,99.25,1,1191.0
9714-EDSUC,0.4594438,4,Month-to-month,94.9,0,1138.8000000000002
9244-ZVAPM,0.459329,1,Month-to-month,45.6,0,547.2
9898-KZQDZ,0.45917693,40,Month-to-month,94.55,1,1134.6
0212-ISBBF,0.45915157,22,Month-to-month,50.35,0,604.2
2043-WVTQJ,0.45876288,1,Month-to-month,55.7,0,668.4000000000001
6542-LWGXJ,0.45867786,3,Month-to-month,25.0,0,300.0
1320-REHCS,0.45822942,52,Month-to-month,110.75,0,1329.0
2189-WWOEW,0.45795894,15,Month-to-month,85.9,1,1030.8000000000002
5996-DAOQL,0.4577645,1,Month-to-month,20.45,0,245.39999999999998
7312-XSBAT,0.45731696,1,Month-to-month,49.75,0,597.0
4581-LNWUM,0.45730436,13,Month-to-month,49.15,0,589.8
3352-ALMCK,0.4572242,40,Month-to-month,102.65,0,1231.8000000000002
9961-JBNMK,0.45700455,21,Month-to-month,96.8,1,1161.6
2474-BRUCM,0.45697764,40,Month-to-month,101.85,1,1222.1999999999998
5449-FIBXJ,0.45689368,19,Month-to-month,103.3,1,1239.6
7855-DIWPO,0.45688635,21,Month-to-month,68.65,0,823.8000000000001
2761-XECQW,0.4567278,8,Month-to-month,43.35,0,520.2
9600-UDOPK,0.4560269,30,Month-to-month,94.05,1,1128.6
7377-DMMRI,0.45593512,2,Month-to-month,47.8,1,573.5999999999999
8708-XPXHZ,0.45575455,42,Month-to-month,94.2,1,1130.4
9699-UBQFS,0.45571408,43,Month-to-month,94.5,0,1134.0
1236-WFCDV,0.4556324,14,Month-to-month,90.45,1,1085.4
2833-SLKDQ,0.4555923,1,Month-to-month,45.05,1,540.5999999999999
1794-HBQTJ,0.45558524,1,Month-to-month,48.6,1,583.2
9448-REEVD,0.45494664,1,Month-to-month,44.7,1,536.4000000000001
4816-LXZYW,0.45456716,23,Month-to-month,79.15,1,949.8000000000001
7593-XFKDI,0.45456558,1,Month-to-month,46.3,1,555.5999999999999
4238-JSSWH,0.454379,35,Month-to-month,102.05,0,1224.6
9529-OFXHY,0.4541789,15,Month-to-month,87.75,0,1053.0
9572-WUKSB,0.4540602,3,Month-to-month,29.9,0,358.79999999999995
0537-QYZZN,0.45404488,24,Month-to-month,79.85,0,958.1999999999999
2672-TGEFF,0.45401007,37,Month-to-month,88.8,0,1065.6
7176-WIONM,0.45365942,12,Month-to-month,49.85,0,598.2
6481-ESCNL,0.4532937,29,Month-to-month,100.55,0,1206.6
3500-RMZLT,0.45310596,15,Month-to-month,96.3,1,1155.6
2452-KDRRH,0.45304722,67,Month-to-month,101.4,0,1216.8000000000002
3003-CMDUU,0.45279315,25,Month-to-month,95.15,0,1141.8000000000002
2311-QYMUQ,0.45275918,16,Month-to-month,89.45,1,1073.4
5204-QZXPU,0.45267558,19,Month-to-month,39.65,1,475.79999999999995
9927-DSWDF,0.45255956,22,Month-to-month,104.6,0,1255.1999999999998
1307-ATKGB,0.45237818,24,Month-to-month,89.55,0,1074.6
4360-PNRQB,0.45230424,18,Month-to-month,75.6,0,907.1999999999999
3005-NFMTA,0.45188072,55,Month-to-month,98.8,1,1185.6
2712-SYWAY,0.45183554,1,Month-to-month,25.7,0,308.4
8645-KWHJO,0.45181945,14,Month-to-month,55.0,0,660.0
7703-ZEKEF,0.451766,23,Month-to-month,81.0,1,972.0
9355-NPPFS,0.45169687,26,Month-to-month,78.8,0,945.5999999999999
5022-JNQEQ,0.45163777,9,Month-to-month,75.85,0,910.1999999999999
9693-XMUOB,0.45158002,59,Month-to-month,50.25,0,603.0
4658-HCOHW,0.45153368,21,Month-to-month,102.8,1,1233.6
6259-WJQLC,0.45150796,32,Month-to-month,81.1,0,973.1999999999999
8584-KMVXD,0.45148298,8,Month-to-month,75.6,0,907.1999999999999
0921-OHLVP,0.451386,22,Month-to-month,83.05,0,996.5999999999999
7181-OQCUT,0.45135218,21,Month-to-month,103.85,0,1246.1999999999998
0439-IFYUN,0.45095378,18,Month-to-month,74.7,0,896.4000000000001
1302-UHBDD,0.45088455,20,Month-to-month,89.95,0,1079.4
5906-BFOZT,0.45060638,1,Month-to-month,19.5,0,234.0
1622-HSHSF,0.45049375,1,Month-to-month,19.55,0,234.60000000000002
8566-YPRGL,0.45049375,1,Month-to-month,19.5,0,234.0
1754-GKYPY,0.4502692,22,Month-to-month,89.75,0,1077.0
0322-YINQP,0.4502303,1,Month-to-month,48.55,1,582.5999999999999
